Punto,Lat,Lon,
24 DE FEBRERO PRIMARIA CCT 09DPR2087X,19.3684135,-99.0130007,
ALBERTO M ALVARADO ESCUELA PRIMARIA,19.3953839,-99.2297012,
APOYO A LA EDUCACION,19.3152098,-99.2266232,
BENISARIO DOMINGUES,19.3650818,-99.2918857,
CENOBIA GARCIA NABA,19.3284066,-99.2816394,
CENTRO DE EDUCACION EXTRA ESCOLAR VICENTE V.YBARRA,19.2549496,-99.1019548,
CENTRO DE EDUCACION EXTRAESCOLAR PRIMARIA,19.5491627,-99.1523991,
CENTRO ESCOLAR ESTADO DE GUERRERO,19.4546005,-99.1919756,
CENTRO ESCOLAR MEXICO,19.4479560,-99.1951015,
CENTRO ESCOLAR MEXICO 15-0470,19.4487740,-99.1945895,
CENTRO ESCOLAR MÉXICO CLAVE 11-0479-129-00-X-027,19.4480784,-99.1938037,
CENTRO ESCOLAR MEXICO CLAVE 14-0469,19.4486806,-99.1941104,
CIUDAD PROCER DE GUANAJUATO,19.4209208,-99.1092831,
COMISION FEDERAL DE ELECTRICIDAD,19.4650550,-99.2110375,
CONSTITUYENTE CELESTINO PEREZ Y PEREZ,19.3671642,-99.0013934,
DOCTOR IGNACIO CHAVEZ,19.3814489,-99.0357084,
EJERCITO NACIONAL CCT 09DPR1976B,19.3325286,-99.1769828,
ENRIQUE DE OLAVARRIA Y FERRARI,19.3686558,-99.1895891,
ESC PRIM MAESTRO MANUEL BORJA SORIANO,19.4924780,-99.1383104,
ESC PRIMARIA JUAN JOSE MARTINEZ,19.3886587,-99.0917360,
ESC PRIMARIA LUIS VARGAS PIÑERIRA,19.3867696,-99.0491614,
ESC. PRIM. PROFR. EFRAIN BONILLA MANZANO,19.3624370,-99.0109612,
ESC.PRIM.PROF.ELISEO BANDALA FERNANDEZ,19.4215157,-99.0636649,
ESC.PRIMARIA MIGUEL LANZ DURET CLAVE 220978,19.4659361,-99.1055686,
ESC.PRIMARIA PROF. JOSE ROMERO Y FUENTES CCT 09DPR2643U,19.3193557,-99.0624126,
ESCPRIMARIA AGUSTIN YAÑEZ JORNADA AMPLIADA.,19.3781995,-99.1070553,
ESCPRIMARIA PROF BENJAMIN CURROLA CARRERA,19.4597012,-99.1051643,
ESCUEL PRIMARIA TEZOZOMOC CCT09DBL0117O,19.4909032,-99.0931766,
ESCUELA  ESCOLAR MEXICO LIBRE,19.4274408,-99.1334367,
ESCUELA  REPUBLICA DE ARGELIA,19.3824646,-99.1188221,
ESCUELA ALBERTO LENZ,19.3402055,-99.1950997,
ESCUELA AXAYACATL,19.4227936,-99.0566133,
ESCUELA BEATRIZ VELASCO SECRETARIA DE EDUCACION PUBLICA GOB FEDERAL,19.3670218,-99.1108703,
ESCUELA BENEMERITO DE LAS AMERICAS,19.3569423,-99.1749322,
ESCUELA BERNAL DIAZ DEL CASTILLO NOCTURNA,19.5046113,-99.1575288,
ESCUELA BRUNO TRAVEN,19.3957280,-99.0498905,
ESCUELA CEDEX GENERAL FELIPE ANGELESCT09DBAA0056N,19.2990094,-99.1746888,
ESCUELA CELSO FLORES,19.5056891,-99.0897522,
ESCUELA CHAPULTEPEC,19.4193486,-99.2179783,
ESCUELA CLUB DE LEONES DE LA VILLA NO 3,19.4732211,-99.0898520,
ESCUELA CLUB DE LEONESDE LA VILLA,19.4962807,-99.1009413,
ESCUELA CONSTITUCION DE 1917 JORNADA AMPLIADA,19.3500233,-99.0659495,
ESCUELA DE GOBIERNO PROFESORA MARIA HAZAS VARGAS,19.3468237,-98.9952026,
ESCUELA DE PARTICIPACION SOCIAL NUMERO 1 PRIMARIA,19.4206622,-99.1492169,
ESCUELA DE PARTICIPACIÓN SOCIAL NÚMERO 6,19.4038025,-99.1343147,
ESCUELA DE TIEMPO COMPLETO UCRANIA,19.2921965,-99.1215749,
ESCUELA DIF,19.3645332,-99.1590269,
ESCUELA DOLORES CORREA ZAPATA SEP,19.4452091,-99.1366293,
ESCUELA DR ROBERTO SOLIS QUIROGA CCT 09DPR3093O 51248251133X023,19.2931833,-99.2275910,
ESCUELA EL SEGURO DEL MAESTRO,19.3655201,-99.2360465,
ESCUELA ENRIQUE LAUBSCHER,19.3596042,-99.0938937,
ESCUELA FRANCISCO GOITIA,19.5292677,-99.1514274,
ESCUELA FRANCISCO MARQUEZ,19.3608027,-99.0147564,
ESCUELA FRANCISCO NICODEMO,19.3051919,-99.2379391,
ESCUELA FUERTE DE LORETO,19.5176230,-99.1287480,
ESCUELA GABINO BARREDA,19.4320607,-99.1271339,
ESCUELA GENARO V VAZQUEZ QUIROZ,19.4080456,-99.0671518,
ESCUELA GENERAL ANTONIO ROSALES,19.3787007,-99.2459689,
ESCUELA GENERAL LAZARO CARDENAS,19.5407147,-99.1501857,
ESCUELA GERTRUDIS VOCANEGRA DE LAZO DE LA VEGA,19.4922160,-99.0736632,
ESCUELA GUADALUPE D PLIEGO,19.3493347,-99.1912394,
ESCUELA GUADALUPE VICTORIA,19.3596229,-99.1864222,
ESCUELA HEROES DE LA NAVAL,19.3751621,-99.2029539,
ESCUELA HEROES DEL SUR,19.4918922,-99.1836941,
ESCUELA ICHCATEOPAN,19.4593105,-99.1850139,
ESCUELA IGNACIO ZARAGOZA,19.3323770,-99.2324201,
ESCUELA INDEPENDENCIA,19.3722507,-99.1845975,
ESCUELA INEA,19.5213165,-99.1591644,
ESCUELA INSURGENTES BRAVO,19.3945472,-99.1839027,
ESCUELA INTEGRAL ROMA,19.2726091,-98.9950478,
ESCUELA JOSE GUADALUPE GOMEZ,19.3565843,-99.0819011,
ESCUELA JOSE MARIANO JIMENEZ,19.3464343,-99.0430812,
ESCUELA JOSE ORTEGA Y GASET,19.3453881,-99.0126979,
ESCUELA JUAN A MATEOS,19.3712880,-99.2190820,
ESCUELA JUSTO SIERRA,19.4004269,-99.1850237,
ESCUELA LEOPOLDO RIO DE LA LOZA,19.4504102,-99.1326077,
ESCUELA LICENCIADO EDUARDO FACHA GUTIERREZ,19.3583083,-99.2121890,
ESCUELA LICENCIADO MANUEL GUAL VIDAL VESPERTIN0,19.4422785,-99.2101145,
ESCUELA LUIS ENRIQUE ERRO,19.5052296,-99.0991220,
ESCUELA LUIS HIDALGO MONROY,19.3529497,-99.1607898,
ESCUELA MAESTRO RAFAEL RAMIREZ,19.3177685,-99.2291930,
ESCUELA MAESTROS MEXICANOS CCT 09DBA0073D,19.3097607,-99.2304942,
ESCUELA MAGISTERIO MEXICANO,19.4900858,-99.1975883,
ESCUELA MANUEL MARIA PONCE,19.4390697,-99.1078657,
ESCUELA MARTIRES DE LA LIBERTAD,19.4793866,-99.1868314,
ESCUELA MIRAVALLES PRIMARIA,19.3360112,-98.9965840,
ESCUELA MODELO,19.4427710,-99.1908305,
ESCUELA NICOLAS GARCIA SAN VICENTE 09DPR2650D,19.3637976,-98.9958013,
ESCUELA NOCTURNA CENTRO URBANO PRESIDENTE ALEMAN,19.3727317,-99.1699828,
ESCUELA NOCTURNA DR. HECTOR PEREZ MARTINEZ,19.4643422,-99.1482885,
ESCUELA OBRAS DEL VALLE DE MEXICO,19.4708229,-99.0853345,
ESCUELA OFICIAL PRIMARIA JULIO S HERNANDEZ DPR1409I,19.4743685,-99.0663177,
ESCUELA OFICIAL PRIMARIA REPUBLICA DE BIRMANIA,19.4743234,-99.0686229,
ESCUELA PANAMERICANA,19.3096311,-99.1701375,
ESCUELA PIMARIA IGNACIO L VALLARTA,19.4208426,-99.1611133,
ESCUELA PINTOR GERARDO MURILLO,19.3927058,-99.0432280,
ESCUELA PREIMARIA RAFAELA SUAREZ,19.4589166,-99.1838194,
ESCUELA PRESIDENTE PASCUAL ORTIZ RUBIO,19.4974373,-99.1236032,
ESCUELA PRIIMARIA JOSE GOROSTIZA,19.4476024,-99.1440171,
ESCUELA PRIMARI FELIPE RIVERA CLAVE 15041912600X026,19.4071213,-99.1481109,
ESCUELA PRIMARI MARIA CARRARO VIUDA DE AMBROSSI0,19.3841210,-99.2287411,
ESCUELA PRIMARI MARIA GUADALUPE DE GARCIA RTM,19.3874922,-99.2107505,
ESCUELA PRIMARI PROF RAMON DURAND VESP,19.3157346,-99.1699380,
ESCUELA PRIMARIA  JUVENTINIO ROSAS,19.3065575,-99.2336776,
ESCUELA PRIMARIA  PAULA ALEGRIA 09DPR2724E,19.3701124,-99.0268967,
ESCUELA PRIMARIA  PÚBLICA ANTONIO SANCHEZ MOLINA CCT 09DPR4243L,19.2920351,-99.2302455,
ESCUELA PRIMARIA  VICTORIANO GONZALEZ GARZON CCT 09DPR3079V,19.4314440,-99.0588849,
ESCUELA PRIMARIA 13 DE SEPTIEMBRE DE 1847 JORNADA AMPLIADA,19.4754498,-99.2127681,
ESCUELA PRIMARIA 14 DE ABRIL,19.4047409,-99.1804388,
ESCUELA PRIMARIA 14 DE JULIO,19.4700685,-99.1573181,
ESCUELA PRIMARIA 15 DE MAYO,19.3556300,-99.1290210,
ESCUELA PRIMARIA 18 DE MARZO,19.4042025,-99.1416428,
ESCUELA PRIMARIA 21 DE AGOSTO DE 1944,19.3399085,-99.1880496,
ESCUELA PRIMARIA 21 DE MARZO,19.4050574,-99.1609769,
ESCUELA PRIMARIA 24 DE FEBRERO,19.4316026,-99.0977381,
ESCUELA PRIMARIA 27 DE SEPTIEMBRE,19.3719805,-99.2061608,
ESCUELA PRIMARIA 30 ABRIL COMPLETO,19.3540469,-99.0737188,
ESCUELA PRIMARIA 30 DE SEPTIEMBRE,19.4617349,-99.1325515,
ESCUELA PRIMARIA 41307 REP POPULAR DE BULGARIA,19.3443871,-99.1727539,
ESCUELA PRIMARIA 5 DE MAYO DE 1862,19.3596589,-99.1381827,
ESCUELA PRIMARIA 7 DE ENERO JORNADA AMPLEADA 09DPR1789H,19.4014645,-99.1996812,
ESCUELA PRIMARIA 7 DE JULIO,19.4349591,-99.1133204,
ESCUELA PRIMARIA AARON CAMACHO LOPEZ,19.2509544,-99.0278311,
ESCUELA PRIMARIA ABRAHAM CASTELLANOS,19.4404646,-99.1289451,
ESCUELA PRIMARIA ABRAHAM LINCOLN,19.3945982,-99.1052396,
ESCUELA PRIMARIA ACAHUALTEPEC 09DPR5052B,19.3429959,-99.0090296,
ESCUELA PRIMARIA ACAMAPICHTLI,19.4052593,-99.0675425,
ESCUELA PRIMARIA ACATONALLI,19.2470058,-99.0104408,
ESCUELA PRIMARIA ACAYUCAN,19.4128322,-99.0930879,
ESCUELA PRIMARIA ADALBERTO TEJEDA,19.4733961,-99.1741908,
ESCUELA PRIMARIA ADAM MICKIEWICZ,19.2324995,-99.1192833,
ESCUELA PRIMARIA ADOLFO CIENFUEGOS Y CAMUS,19.4574657,-99.1842541,
ESCUELA PRIMARIA ADOLFO CISNEROS,19.3763650,-99.0708814,
ESCUELA PRIMARIA ADOLFO RUIZ CORTINES,19.3788767,-99.2089200,
ESCUELA PRIMARIA AFGANISTAN,19.3895940,-99.0907713,
ESCUELA PRIMARIA AGUSTIN BANDA SEVILLA,19.2038747,-99.1020601,
ESCUELA PRIMARIA AGUSTIN LEGORRETA,19.2187797,-98.9956884,
ESCUELA PRIMARIA ALBERTO CORREA,19.4187290,-99.1653348,
ESCUELA PRIMARIA ALBERTO EINSTEIN,19.3422694,-98.9994809,
ESCUELA PRIMARIA ALBERTO MASFERRER,19.3660043,-99.1185545,
ESCUELA PRIMARIA ALBINO GARCÍA 09DPR1146P,19.3455535,-99.0378061,
ESCUELA PRIMARIA ALEJANDRO DE HUMBOLDT,19.5040397,-99.1264251,
ESCUELA PRIMARIA ALEJANDRO HUMBOLT,19.5039454,-99.1264475,
ESCUELA PRIMARIA ALEJANDRO VOLTA,19.3375049,-98.9884662,
ESCUELA PRIMARIA ALFONSA SIERRA PARTIDA,19.3317567,-99.1726153,
ESCUELA PRIMARIA ALFONSO ANZORENA GONZÁLEZ,19.5077057,-99.0993929,
ESCUELA PRIMARIA ALFONSO CASO ANDRADE,19.4037817,-99.1677977,
ESCUELA PRIMARIA ALFONSO HERRERA,19.4151508,-99.1724868,
ESCUELA PRIMARIA ALFONSO PRUNEDA,19.5260073,-99.1725421,
ESCUELA PRIMARIA ALFONSO SIERRA PARTIDA,19.3321730,-99.1726700,
ESCUELA PRIMARIA ALFONSO TEJA ZABRE,19.3097905,-99.2287327,
ESCUELA PRIMARIA ALFREDO BERNARDO NOBELESESCUELA PRIMARIA ALFREDO BERNARDO NOBEL,19.4511462,-99.2151372,
ESCUELA PRIMARIA ALFREDO E URUCHURTU,19.3048742,-99.2464165,
ESCUELA PRIMARIA ALFREDO V BONFIL,19.2820025,-99.2031263,
ESCUELA PRIMARIA ALVARO OBREGON,19.3021738,-99.2457496,
ESCUELA PRIMARIA AMADO NERVO,19.3763448,-99.1914175,
ESCUELA PRIMARIA AMANDA PALAFOX Y BAZ,19.2695299,-99.1767844,
ESCUELA PRIMARIA AMERICA LATINA CCT 09DPR1617R,19.4609122,-99.1717724,
ESCUELA PRIMARIA ANA MARIA BERLANGA,19.4603901,-99.0945146,
ESCUELA PRIMARIA ANACLETO BARCENAS ROJAS,19.2666210,-99.1015125,
ESCUELA PRIMARÍA ANASTASIO GAONA DURÁN JORNADA AMPLIADA,19.4847245,-99.0910436,
ESCUELA PRIMARIA ANDRÉS BELLO,19.4467197,-99.1544866,
ESCUELA PRIMARIA ANDRES DELGADO EL GIRO,19.2633015,-99.1196254,
ESCUELA PRIMARIA ANDRES FIGUEROA,19.4538426,-99.1924987,
ESCUELA PRIMARIA ANDRES MOLINA ENRIQUES,19.3424656,-99.0228587,
ESCUELA PRIMARIA ANDRES OSUNA,19.4805743,-99.1025151,
ESCUELA PRIMARIA ANDRÉS QUINTANA ROO,19.3408293,-99.1470193,
ESCUELA PRIMARIA ANGEL ALBINO CORZO,19.3988507,-99.1433672,
ESCUELA PRIMARIA ANGEL ALBINO CORZO JORNADA AMPLIADA,19.3983881,-99.1434402,
ESCUELA PRIMARIA ANGEL DE CAMPO,19.4272830,-99.0955121,
ESCUELA PRIMARIA ANGELA PERALTA,19.4788230,-99.1488454,
ESCUELA PRIMARIA ANIBAL PONCE,19.3363837,-99.0187902,
ESCUELA PRIMARIA ANICETO CASTELLANOS URRUTIA,19.2870676,-99.0406276,
ESCUELA PRIMARIA ANTONIA ARELLANO LUNA,19.4182285,-99.1276243,
ESCUELA PRIMARIA ANTONIO AUDIRAC Y ALFONSIN,19.3323284,-99.0601323,
ESCUELA PRIMARIA ANTONIO CASO,19.4425639,-99.1947972,
ESCUELA PRIMARIA ANTONIO CEDENO,19.3298550,-99.0510766,
ESCUELA PRIMARIA ANTONIO DE MENDOZA,19.3940998,-99.0733211,
ESCUELA PRIMARIA ANTONIO GARCIA,19.3900513,-99.1221660,
ESCUELA PRIMARIA ANTONIO MARTINREZ DE CASTRO,19.3128107,-99.1498749,
ESCUELA PRIMARIA ANTONIO SANCHEZ MOLINA CCT 09DPR5011B,19.2922346,-99.2302620,
ESCUELA PRIMARIA AÑO DE JUAREZ,19.3593902,-99.0969937,
ESCUELA PRIMARIA AÑO INTERNACIONAL DEL NIÑO,19.3670066,-98.9982892,
ESCUELA PRIMARIA AQUILES ELORDUY,19.4750609,-99.1851955,
ESCUELA PRIMARIA AQUILES SERDAN,19.4068484,-99.2028491,
ESCUELA PRIMARIA ARABIA SAUDITA,19.2916847,-99.1292293,
ESCUELA PRIMARIA ARQUELES VELA SALVATIERRA 32-1996-356-28-X-017,19.3941325,-99.0700003,
ESCUELA PRIMARIA ARTEMIO DE VALLE ARIZPE 41-1243-412-00-X-028,19.4148119,-99.1187384,
ESCUELA PRIMARIA ARTICULO 27 25-0724-218-00-X-016,19.4924165,-99.1426859,
ESCUELA PRIMARIA ARTURO ROSENBLUETH T V,19.3526104,-98.9963151,
ESCUELA PRIMARIA ASOCIACION DE FERRETEROS DE MEXICO TIEMPO COMPLETO,19.3937778,-99.2002493,
ESCUELA PRIMARIA ATENEO DE LA JUVENTUD,19.1966928,-99.1457301,
ESCUELA PRIMARIA AUGUSTO CESAR SANDIÑO,19.4561225,-99.1609995,
ESCUELA PRIMARIA AUGUSTO COMTE 45-1988-425-00-X-017,19.3913575,-99.0694412,
ESCUELA PRIMARIA AURELIANO CASTILLO,19.2574007,-99.0372149,
ESCUELA PRIMARIA AURELIO HIDALGO,19.3316351,-99.2487180,
ESCUELA PRIMARIA AURELIO MALDONADO CEDILLO,19.5492160,-99.1523667,
ESCUELA PRIMARIA AUSTRIA,19.4753170,-99.1621730,
ESCUELA PRIMARIA AXAYACALT,19.3378380,-98.9984779,
ESCUELA PRIMARIA AZTAHUACAN,19.3155365,-99.0879525,
ESCUELA PRIMARIA BANDERA DE MEXICO,19.3671209,-99.1118900,
ESCUELA PRIMARIA BANDERA NACIONAL,19.3592363,-99.1183571,
ESCUELA PRIMARIA BARTOLOME DE MEDINA,19.4012384,-99.1996536,
ESCUELA PRIMARIA BASILIO VADILLO C. C.P 0 9 D P R 1 1 8 5 R,19.4009861,-99.1308664,
ESCUELA PRIMARIA BATALLON DE SAN BLAS,19.4510929,-99.1135531,
ESCUELA PRIMARIA BATALLON DE SAN PATRICIO,19.3440853,-99.2131510,
ESCUELA PRIMARIA BEATIZ AVILA GARCIA,19.3612145,-99.2461997,
ESCUELA PRIMARIA BEATRIZ DE LA FUENTE,19.3279711,-99.0237761,
ESCUELA PRIMARIA BÉLGICA,19.4134368,-99.1021228,
ESCUELA PRIMARIA BELICE,19.5039098,-99.0876434,
ESCUELA PRIMARIA BENITO JUAREZ,19.2067178,-99.0711446,
ESCUELA PRIMARIA BENITO JUAREZ 09DPR2241Z,19.3313979,-99.3290198,
ESCUELA PRIMARIA BENITO JUAREZ 11 0362,19.4094184,-99.1598044,
ESCUELA PRIMARIA BENITO PEREZ GALDOS,19.3459070,-98.9890883,
ESCUELA PRIMARIA BRAULIO RODRIGUEZ,19.3836363,-99.0299089,
ESCUELA PRIMARIA CAJEME,19.2506992,-99.1715315,
ESCUELA PRIMARIA CALIXTO ANTONIO RODRIGUEZ FLORES,19.5266340,-99.1666514,
ESCUELA PRIMARIA CALMECAC,19.3999683,-99.0684370,
ESCUELA PRIMARIA CALMECAC SEP,19.4948433,-99.0699455,
ESCUELA PRIMARIA CALPULLI CALTONGO,19.2611986,-99.0795712,
ESCUELA PRIMARIA CANADA,19.4333513,-99.2221450,
ESCUELA PRIMARIA CANDIDO NAVARRO,19.4906247,-99.1771553,
ESCUELA PRIMARIA CANDOR GUAJARDO,19.3700237,-99.2235266,
ESCUELA PRIMARIA CAPITAN EMILIO CARRANZA,19.4195521,-99.1599774,
ESCUELA PRIMARIA CARLOS A PEREYRA,19.3788936,-99.2297159,
ESCUELA PRIMARIA CARLOS A. CARRILLO,19.3683887,-99.1435016,
ESCUELA PRIMARIA CARLOS ALVARADO LANG,19.3820948,-99.2086807,
ESCUELA PRIMARIA CARLOS CARRILLO,19.3682047,-99.1423738,
ESCUELA PRIMARIA CARLOS DARWIN,19.3385464,-99.0852904,
ESCUELA PRIMARIA CARLOS DE SIGUENZA Y GONGORA,19.3105229,-99.2453837,
ESCUELA PRIMARIA CARLOS ENRIQUE NERI GUZMAN,19.3795648,-99.0521352,
ESCUELA PRIMARIA CARLOS ESPINOZA ROMERO,19.3317278,-99.0595621,
ESCUELA PRIMARIA CARLOS FUENTES,19.2109252,-98.9746588,
ESCUELA PRIMARÍA CARLOS MARÍA BUSTAMANTE,19.3729984,-99.2881731,
ESCUELA PRIMARIA CARLOS PELLICER,19.3092236,-99.1106948,
ESCUELA PRIMARIA CARMEN ARROLLO DE LA PARRA 51-2311-551-40-X-022,19.2902684,-99.0532072,
ESCUELA PRIMARIA CARMEN COSGAYA RIVAS,19.5442210,-99.1378510,
ESCUELA PRIMARIA CARMEN SERDAN,19.3303554,-99.2761095,
ESCUELA PRIMARIA CARMEN SERDAN ALATRISTE,19.3538343,-99.1445599,
ESCUELA PRIMARIA CARTA DE LOS DERECHOS ECONOMICOS,19.3837114,-99.1086266,
ESCUELA PRIMARIA CATALINA CARDONA NAVA,19.2974693,-99.2445738,
ESCUELA PRIMARIA CAYETANO RODRIGUEZ BELTRAN,19.3885961,-99.2083781,
ESCUELA PRIMARIA CELERINO CANO PALACIO,19.4141620,-99.1056424,
ESCUELA PRIMARIA CENICEROS,19.3021418,-99.0731613,
ESCUELA PRIMARIA CENTAURO DEL NORTE C.C.T.09DPR5045S,19.2928518,-99.0720409,
ESCUELA PRIMARIA CENTENARIO DE JUAREZ,19.3250710,-99.1463665,
ESCUELA PRIMARIA CENTENARIO DE LA RESTAURACIÓN DE LA REPUBLICA,19.3574003,-99.0661390,
ESCUELA PRIMARIA CENTENARIO DEL 47,19.4630861,-99.1088582,
ESCUELA PRIMARIA CENTENARIO DEL HIMNO NACIONAL MEXICANO,19.3628745,-99.1262311,
ESCUELA PRIMARIA CERRO DE LA ESTRELLA,19.3453326,-99.1024215,
ESCUELA PRIMARIA CESAR VALLEJO,19.3525311,-99.0966613,
ESCUELA PRIMARIA CEYLAN 4,19.4225881,-99.1130823,
ESCUELA PRIMARIA CHICHENITZA,19.2479435,-99.1260258,
ESCUELA PRIMARIA CHICOMOSTOC,19.5042265,-99.0962070,
ESCUELA PRIMARIA CHIPRE,19.3765343,-99.1456370,
ESCUELA PRIMARIA CINCO DE MAYO,19.4318841,-99.1094698,
ESCUELA PRIMARIA CIRILO CELIS PASTRANA,19.3949962,-99.1929661,
ESCUELA PRIMARIA CIRILO LOPEZ PASTRANA,19.3950259,-99.1929591,
ESCUELA PRIMARIA CLUB 20 30,19.3948968,-99.0845454,
ESCUELA PRIMARIA CLUB DE LEONES 2,19.4474720,-99.0913808,
ESCUELA PRIMARIA CLUB DE LEONES DE LA VILLA 2,19.4718231,-99.1088751,
ESCUELA PRIMARIA CLUB DE LEONES NO 8 ESTADO DE OAXACA,19.4040323,-99.1892338,
ESCUELA PRIMARIA CLUB DE LEONES NO.4,19.3711218,-99.2018727,
ESCUELA PRIMARIA CLUB DE LEONES NUMERO 2 09DPR0990O,19.4475718,-99.0913424,
ESCUELA PRIMARIA CLUB DE LEONES NUMERO 3,19.3357764,-99.1478648,
"ESCUELA PRIMARIA CLUB DE LEONES,",19.4768000,-99.0878490,
ESCUELA PRIMARIA CONGRESO DE CHILPANCINGO,19.4266767,-99.0697803,
ESCUELA PRIMARIA CONSTITUCION DE 1957,19.4095332,-99.1575032,
ESCUELA PRIMARIA CONSTITUCION DE APATZINGAN TIEMPO COMPLETO,19.4809202,-99.0854655,
ESCUELA PRIMARIA COPIAPO,19.3605152,-99.0554554,
ESCUELA PRIMARIA CORONEL ADALBERTO TEJEDA,19.5283415,-99.1656052,
ESCUELA PRIMARIA CORONEL NICOLAS ROMERO,19.3069572,-99.2531120,
ESCUELA PRIMARIA CORONEL SILVESTRE LOPEZ,19.4511013,-99.0629254,
ESCUELA PRIMARIA COYOLXAUHQUI,19.3147428,-99.1193084,
ESCUELA PRIMARIA CRISTOBAL COLON,19.2247699,-98.9647883,
ESCUELA PRIMARIA CRISTOBAL COLÓN,19.2478125,-99.1236855,
ESCUELA PRIMARIA CRISTÓBAL COLÓN,19.4308049,-99.1258269,
ESCUELA PRIMARIA CUAHUTEPEC,19.5594177,-99.1310695,
ESCUELA PRIMARIA CUAUHILAMA,19.2467993,-99.0707899,
ESCUELA PRIMARIA CUAUHTEMOC,19.3198717,-99.2444068,
ESCUELA PRIMARIA CUICUILCO,19.3000271,-99.1790063,
ESCUELA PRIMARIA CULTURA AZTECA,19.1880038,-99.0216387,
ESCUELA PRIMARIA DANIEL COSIO VILLEGAS,19.3115456,-99.0370321,
ESCUELA PRIMARIA DANIEL RAMIREZ PEREZ,19.2191608,-99.1215592,
ESCUELA PRIMARIA DAVID ALFARO SIQUEIROS,19.3829501,-99.1048628,
ESCUELA PRIMARIA DAVID G BERLANGA,19.4385673,-99.1693322,
ESCUELA PRIMARIA DAVID VILCHIS,19.4622810,-99.1398338,
ESCUELA PRIMARIA DE ATENCION MULTIPLE CAM 51,19.3249197,-99.0503632,
ESCUELA PRIMARIA DE LA SEP,19.4443985,-99.1491928,
ESCUELA PRIMARIA DE PARTICIPACION SOCIAL 5,19.2921243,-99.1674120,
ESCUELA PRIMARIA DE PARTICIPACION SOCIAL NUMERO 2,19.4154775,-99.0868204,
ESCUELA PRIMARIA DE TIEMPO COMPLETO JUAN RUIZ DE ALARCON,19.4621781,-99.0883107,
ESCUELA PRIMARIA DEFENSOR DE ANAHUAC,19.4746424,-99.1426843,
ESCUELA PRIMARIA DEFENSORES DE LA REPUBLICA,19.4743801,-99.1427304,
ESCUELA PRIMARIA DEFENSORES DE VERACRUZ 1914,19.4324861,-99.1056347,
ESCUELA PRIMARIA DIEGO RIVERA,19.3415206,-99.1682854,
ESCUELA PRIMARIA DIEGO RIVERA CLAVE 24-1098-256-00-X-016,19.4542676,-99.0649522,
ESCUELA PRIMARIA DIF HORARIO ASISTENCIAL,19.3642990,-99.1590734,
ESCUELA PRIMARIA DINAMARCA,19.4899368,-99.0883948,
ESCUELA PRIMARIA DOCTOR ANGEL MARIA GARIBAY,19.3157875,-99.1688433,
ESCUELA PRIMARIA DOCTOR BELISARIO DOMINGUEZ,19.4390891,-99.1472092,
ESCUELA PRIMARIA DOCTOR CARLOS BAUER,19.4858564,-99.0983471,
ESCUELA PRIMARIA DOCTOR CAYETANO ANDRADE,19.4985157,-99.0930245,
ESCUELA PRIMARIA DOCTOR CONRADO MENDEZ MENA,19.3826887,-99.2552389,
ESCUELA PRIMARIA DOCTOR EDUARDO LICEAGA 32-3001-334-22-X-019,19.3030532,-99.2700608,
ESCUELA PRIMARIA DOCTOR JAIMES TORRES BODET,19.2959036,-99.0476609,
ESCUELA PRIMARIA DOCTOR JOSE MARIA LUIS MORA,19.5263713,-99.1387143,
ESCUELA PRIMARIA DOCTOR MIGUEL SILVA,19.4555310,-99.2067314,
ESCUELA PRIMARIA DOCTOR NABOR CARRILLO FLORES C.T.T. 09DPR2951Z,19.3162533,-99.2491291,
ESCUELA PRIMARIA DOCTOR OCTAVIO VEJAR,19.3906484,-99.0825802,
ESCUELA PRIMARIA DOCTOR PEDRO DE ALBA,19.3591401,-99.1045849,
ESCUELA PRIMARIA DOCTOR PORFIRIO PARRA,19.3449586,-99.1944954,
ESCUELA PRIMARIA DOCTOR SALVADOR ALLENDE.,19.5250009,-99.1486743,
ESCUELA PRIMARIA DOCTOR SAMUEL RAMOS,19.3745945,-99.1987024,
ESCUELA PRIMARIA DOCTORA MARGARITA CHORNE Y SALAZAR,19.4277104,-99.0952770,
ESCUELA PRIMARIA DOMINGO F. SARMIENTO,19.4223967,-99.1177808,
ESCUELA PRIMARIA DOMINGO MARTÍNEZ PARÉDES 09DPR4246I,19.2748425,-99.2223674,
ESCUELA PRIMARIA DR AGUSTÍN RIVERA,19.4271917,-99.1453153,
ESCUELA PRIMARIA DR ATL,19.4857486,-99.1451222,
ESCUELA PRIMARIA DR BELISARIO DOMINGUEZ,19.4391758,-99.1471894,
ESCUELA PRIMÁRIA DR FRANCISCO VÁZQUEZ GOMEZ CLAVE 52207850932X014,19.3398343,-99.1175189,
ESCUELA PRIMARIA DR HECTOR PEREZ MTZ,19.4593085,-99.1516189,
ESCUELA PRIMARIA DR MANUEL GAMIO,19.3616833,-99.0116175,
ESCUELA PRIMARIA DR. JESÚS DÍAZ DE LEÓN,19.3810103,-99.1903678,
ESCUELA PRIMARIA DR. MIGUEL SILVA,19.4491559,-99.1102448,
ESCUELA PRIMARIA DRA MARIA DEL CARMEN MILLAN,19.2979042,-99.1164503,
ESCUELA PRIMARIA EFRAIN HUERTA,19.3250532,-99.2591313,
ESCUELA PRIMARIA EFRAIN HUERTA CCT 09DPR0102L,19.2962937,-99.0711099,
ESCUELA PRIMARIA EFREN VALENZUELA 09DPR1490,19.4542982,-99.0912991,
ESCUELA PRIMARIA EJERCITO CONSTITUCIONALISTA TIEMPO COMPLETO,19.3825382,-99.0524757,
ESCUELA PRIMARIA EJIDO DE ZACATENCO,19.5026691,-99.1215023,
ESCUELA PRIMARIA EL AMO TORRES 09DPR1321E,19.3420884,-99.0414096,
ESCUELA PRIMARIA EL CHAMIZAL,19.4330660,-99.2167946,
ESCUELA PRIMARIA EL MAESTRO MEXICANO,19.4733537,-99.1980483,
ESCUELA PRIMARIA EL PIPILA,19.4121339,-99.1927010,
ESCUELA PRIMARIA EL PIPILA AZUL,19.4120002,-99.1923723,
ESCUELA PRIMARIA EL SEGURO DEL MAESTRO,19.3655097,-99.2359714,
ESCUELA PRIMARIA EL SEGURO DEL MAESTRO MAT CLAVE CCT09DPR3126P,19.3620055,-98.9962710,
ESCUELA PRIMARIA ELISA ACUÑA Y ROSSETTI 09DPR3235W,19.3511571,-99.0041895,
ESCUELA PRIMARIA EMILIANO ZAPATA,19.4758217,-99.1280052,
ESCUELA PRIMARIA EMILIANO ZAPATA 09DPR1320F TIEMPO COMPLETO,19.3251914,-99.1016565,
ESCUELA PRIMARIA EMILIANO ZAPATA C.C.T. 09DPR2140B,19.4680229,-99.1567781,
ESCUELA PRIMARIA EMILIO BRAVO,19.5408487,-99.1411398,
ESCUELA PRIMARIA EMILIO PORTES GIL CCT 09DPR28091,19.3352988,-99.1711908,
ESCUELA PRIMARIA EMPERADOR CUAHUTEMOC T.M.,19.4474958,-99.0579375,
ESCUELA PRIMARIA EMPERADOR ITZCOATL,19.3777691,-99.0358855,
ESCUELA PRIMARIA EMPERADOR IZCOATL,19.3778478,-99.0359327,
ESCUELA PRIMARIA ENRIQUE AGUILAR,19.3050737,-99.1683089,
ESCUELA PRIMARIA ENRIQUE C. REBSAMEN,19.2546118,-99.0116945,
ESCUELA PRIMARIA ENRIQUE CORONA MORFIN,19.4934783,-99.2001707,
ESCUELA PRIMARIA ENRIQUE GARCIA GALLEGOS,19.3739085,-99.1016293,
ESCUELA PRIMARIA ENRIQUE GONZALEZ APARICIO,19.3475904,-98.9950027,
ESCUELA PRIMARIA ENRIQUE RODRIGUEZ CANO,19.2973787,-99.2450360,
ESCUELA PRIMARIA ENRRIQUE GONZALEZ MARTINEZ,19.4717876,-99.0975786,
ESCUELA PRIMARIA ERASMO CASTELLANOS QUINTO JORNADA AMPLIADA,19.4082083,-99.1198349,
ESCUELA PRIMARIA ERMILO ABREU GOMEZ,19.4524031,-99.0564131,
ESCUELA PRIMARIA ERMILO ABREU GOMEZ 09DPR1787J,19.3680479,-99.1287744,
ESCUELA PRIMARIA ERNESTO ALCONEDO 25-1083-255-00-X-016,19.4558313,-99.0824322,
ESCUELA PRIMARIA ERNESTO GARCIA CABRAL,19.3326802,-99.0953380,
ESCUELA PRIMARIA ESCUELA DE PARTICIPACION SOCIAL NO 4,19.4567648,-99.1226525,
ESCUELA PRIMARIA ESCUELA ESTADOS UNIDOS MEXICANOS 441239,19.4174118,-99.1086797,
ESCUELA PRIMARIA ESPAÑA,19.4264145,-99.1318991,
ESCUELA PRIMARIA ESPARTACO,19.3177477,-99.1350927,
ESCUELA PRIMARIA ESPERANZA LOPEZ MATEOS,19.3121903,-99.1485877,
ESCUELA PRIMÁRIA ESPERANZA VELASCO ZULETA,19.5074977,-99.1937832,
ESCUELA PRIMARIA ESPERANZA VILLASANA HEREDIA,19.3912740,-99.2014881,
ESCUELA PRIMARIA ESTADO DE AGUASCALIENTES,19.3844487,-99.2294112,
ESCUELA PRIMARIA ESTADO DE COAHUILA,19.4180009,-99.1565655,
ESCUELA PRIMARIA ESTADO DE GUANAJUATO,19.4929516,-99.1855260,
ESCUELA PRIMARIA ESTADO DE HIDALGO,19.4434684,-99.1781708,
ESCUELA PRIMARIA ESTADO DE ISRAEL,19.4197449,-99.1010085,
ESCUELA PRIMARIA ESTADO DE JALISCO,19.4753957,-99.1505360,
ESCUELA PRIMARIA ESTADO DE MEXICO,19.4440853,-99.1010700,
ESCUELA PRIMARIA ESTADO DE MORELOS,19.3604135,-99.0273117,
ESCUELA PRIMARIA ESTADO DE NAYARIT,19.1350005,-99.1718293,
ESCUELA PRIMARIA ESTADO DE NUEVO LEON,19.4669971,-99.1800313,
ESCUELA PRIMARIA ESTADO DE OAXACA C.C.T. 09DPR2753Z,19.4124692,-99.0687921,
ESCUELA PRIMARIA ESTADO DE PUEBLA,19.4290756,-99.1055771,
ESCUELA PRIMARIA ESTADO DE QUERÉTARO,19.2806517,-99.1783562,
ESCUELA PRIMARIA ESTADO DE SAN LUIS POTOSI,19.2980912,-99.1501485,
ESCUELA PRIMARIA ESTADO DE SINALOA,19.4028770,-99.1183597,
ESCUELA PRIMARIA ESTADO DE TAMAULIPAS CCT09DPR2428D JORNADA AMPLIADA,19.4139985,-99.1181318,
ESCUELA PRIMARIA ESTADO DE TLAXCALA,19.4086756,-99.1275562,
ESCUELA PRIMARIA ESTADO DE ZACATECAS,19.4483627,-99.1311797,
ESCUELA PRIMARIA ESTADOS UNIDOS DE AMERICA,19.4169768,-99.1118348,
ESCUELA PRIMARIA ESTANISLAO RAMIREZ RUIZ,19.2784489,-99.0089289,
ESCUELA PRIMARIA ESTEBAN GARCIA ALBA SOLO,19.3597620,-99.1210032,
ESCUELA PRIMARIA ESTEFANIA CASTANEDA,19.3252597,-99.1137462,
ESCUELA PRIMARIA ETIOPIA 09DPR1769V,19.3921716,-99.1955154,
ESCUELA PRIMARIA EULALIA GUZMAN BARRON,19.3573289,-99.2323072,
ESCUELA PRIMARIA EZEQUIEL A. CHAVEZ,19.4484966,-99.1617645,
ESCUELA PRIMARIA FABIAN GARCIA RAMIREZ,19.3404131,-98.9870103,
ESCUELA PRIMARIA FEDERICO BARRUETO RAMON,19.3759371,-99.1042188,
ESCUELA PRIMARIA FELIPE ANGELES RAMIREZ CLAVE 14-0121-104-00-X-013,19.4770307,-99.1596884,
ESCUELA PRIMARIA FELIPE CARRILLO PUERTO,19.4602986,-99.1266103,
ESCUELA PRIMARIA FERNANDO BRAM ROJAS,19.3170883,-99.1237724,
ESCUELA PRIMARIA FERNANDO CASAS ALEMAN 09DPR0964Q,19.4478464,-99.0918911,
ESCUELA PRIMARIA FERNANDO MONTES DE OCA,19.4975740,-99.2031827,
ESCUELA PRIMARIA FILOMENO MATA,19.5056471,-99.1221314,
ESCUELA PRIMARIA FLAVIO GUTIERREZ ZACARIAS,19.3831447,-99.2250416,
ESCUELA PRIMARIA FORD 20,19.3468850,-99.2328319,
ESCUELA PRIMARIA FORJADORES DE LA CULTURA CLAVE 09DPR219SE,19.4576151,-99.0872681,
ESCUELA PRIMARIA FRACISCO CESAR MORALES,19.3395771,-99.1395169,
ESCUELA PRIMARIA FRANCISCO DE P. MIRANDA,19.4163807,-99.0931382,
ESCUELA PRIMARIA FRANCISCO DE PAULA HERRASTI,19.4707474,-99.1494560,
ESCUELA PRIMARIA FRANCISCO DEL OLMO,19.1755673,-98.9972711,
ESCUELA PRIMARIA FRANCISCO DEL PASO Y TRONCOSO 00DPR2764F,19.3028187,-99.0728820,
ESCUELA PRIMARIA FRANCISCO EDUARDO TRES GUERRAS,19.4573675,-99.1845392,
ESCUELA PRIMARIA FRANCISCO FIGUEROA,19.4585320,-99.1933843,
ESCUELA PRIMARIA FRANCISCO GAVILONDO SOLER,19.3588943,-99.2103290,
ESCUELA PRIMARIA FRANCISCO GINER DE LOS RIOS,19.4119621,-99.1389464,
ESCUELA PRIMARIA FRANCISCO GOITIA,19.4311151,-99.2204082,
ESCUELA PRIMARIA FRANCISCO GONZALEZ BOCANEGRA,19.4392312,-99.1402335,
ESCUELA PRIMARIA FRANCISCO HERNANDEZ MERCADO,19.5429494,-99.1316138,
ESCUELA PRIMARÍA FRANCISCO I MADERO,19.2183748,-99.2056364,
ESCUELA PRIMARIA FRANCISCO J. MUJICA,19.4975053,-99.2041204,
ESCUELA PRIMARIA FRANCISCO JAVIER LILLY HUERTA,19.3174323,-99.1056366,
ESCUELA PRIMARIA FRANCISCO JAVIER MINA,19.4750739,-99.2053472,
ESCUELA PRIMARIA FRANCISCO MEDINA ASCENCIO,19.4539159,-99.1366713,
ESCUELA PRIMARIA FRANCISCO SANTOYO MALDONADO,19.4522521,-99.1817686,
ESCUELA PRIMARIA FRANCISCO SARABIA,19.4572109,-99.1759775,
ESCUELA PRIMARIA FRANCISCO SARABIA Y TINOCO,19.4302933,-99.0910284,
ESCUELA PRIMARIA FRANCISCO SOSA,19.3164989,-99.0721661,
ESCUELA PRIMARIA FRANCISCO VILLA,19.3396495,-99.0610248,
ESCUELA PRIMARIA FRAY ANTONIO MARGIL DE JESUS,19.3408369,-99.1639539,
ESCUELA PRIMARIA FRAY BARTOLOME DE LAS CASAS,19.3769868,-99.1103983,
ESCUELA PRIMARIA FRAY BARTOLOMÉ DE LAS CASAS,19.4414663,-99.1498713,
ESCUELA PRIMARIA FRAY EUSEBIO KINO,19.3366043,-99.1396941,
ESCUELA PRIMARIA FRAY FRANCISCO APARICIO,19.4474659,-99.1758348,
ESCUELA PRIMARIA FRAY LUIS DE LEON,19.4422628,-99.1464875,
ESCUELA PRIMARIA FRAY MELCHO DE TALAMANTES,19.4374390,-99.1213003,
ESCUELA PRIMARIA FUERZAS ARMADAS DE MEXICO,19.2780318,-99.1623821,
ESCUELA PRIMARIA GABRIEL LEYVA LOZANO,19.4565488,-99.1329236,
ESCUELA PRIMARIA GAMBIA CT 09-DPR2-2-25I  35-1405-343-0-0-X-019 TC,19.3157932,-99.2496588,
ESCUELA PRIMARIA GAUDENCIO PERAZA,19.3489507,-98.9895362,
ESCUELA PRIMARIA GENARO GARCIA CCT 09DPR4155R.,19.3111327,-99.0736262,
ESCUELA PRIMARIA GENERACION 21 22,19.4746760,-99.1350683,
ESCUELA PRIMARIA GENERAL ANAYA,19.3725472,-99.1405273,
ESCUELA PRIMARIA GENERAL CÉSAR LÓPEZ DE LARA,19.4800042,-99.2117611,
ESCUELA PRIMARIA GENERAL DONATO GUERRA 09DPR5017W  DIRECTOR GAUDENCIO GUERRERO JAIMES,19.2836196,-99.1854402,
ESCUELA PRIMARIA GENERAL FRANCISCO MENENDEZ,19.3923340,-99.1842028,
ESCUELA PRIMARIA GENERAL IGNACIO ZARAGOA,19.4498817,-99.1860378,
ESCUELA PRIMARIA GENERAL JUAN N ALVAREZ,19.3341342,-99.2012117,
ESCUELA PRIMARIA GENERAL LAZARO CARDENAS,19.4949164,-99.1479705,
ESCUELA PRIMARIA GENERAL LAZARO CARDENAS DEL RIO,19.2975068,-99.1401938,
ESCUELA PRIMARIA GENERAL LUCIO BLANCO,19.3634452,-99.0185018,
ESCUELA PRIMARIA GENERAL MIGUEL ALEMAN,19.4426194,-99.1225760,
ESCUELA PRIMARIA GENERAL PEDRO A OGAZON,19.4562406,-99.1963394,
ESCUELA PRIMARIA GENERAL PEDRO OGAZON 211050-252-00-X-016,19.4670406,-99.0692227,
ESCUELA PRIMARIA GENERAL PLUTARCO ELIAS CALLES,19.4450655,-99.2183164,
ESCUELA PRIMARIA GENERAL SANTOS DE GOLLADO,19.3308869,-99.3262244,
ESCUELA PRIMARIA GENERAL VICENTE GUERRERO,19.4905262,-99.1047859,
ESCUELA PRIMARIA GENOVEVA CORTEZ,19.3348183,-99.0421473,
ESCUELA PRIMARIA GENOVEVA CORTEZ VALLADARES,19.4469563,-99.1701124,
ESCUELA PRIMARIA GEORGES CUISENAIRE,19.4974325,-99.1826452,
ESCUELA PRIMARIA GERTRUDIS ARMENDARIS DE HIDALGO,19.5410135,-99.1416144,
ESCUELA PRIMARIA GRAL FELIPE ANGELES,19.4467570,-99.1117532,
ESCUELA PRIMARIA GRAL FRANCISCO J MUJICA,19.4215789,-99.0717424,
ESCUELA PRIMARIA GRAL HERIBERTO JARA,19.5642936,-99.1386169,
ESCUELA PRIMARIA GRAL J FERNANDO RAMIREZ,19.4531674,-99.2114208,
ESCUELA PRIMARIA GRAL JOSE MARIANO MONTERDE,19.2655754,-99.1451038,
ESCUELA PRIMARIA GRAL JUAN ALVAREZ 09DPR1932F,19.3334074,-99.2013735,
ESCUELA PRIMARIA GRAL LAZARO CARDENAS DEL RIO,19.2974707,-99.1400983,
ESCUELA PRIMARIA GRAL MIGUEL NEGRETE,19.4993699,-99.0864374,
ESCUELA PRIMARIA GRECIA,19.2729262,-99.1400120,
ESCUELA PRIMARIA GREGORIO TORRES QUINTERO,19.5532944,-99.1405135,
ESCUELA PRIMARIA GUADALUPE FLORES ALONSO,19.3172982,-99.2396344,
ESCUELA PRIMARIA GUILLEN DE LAMPART,19.3102100,-99.1703300,
ESCUELA PRIMARIA GUILLERMO BONILLA SEGURA,19.3845749,-99.0644532,
ESCUELA PRIMARIA GUILLERMO SHERWELL,19.3137475,-99.1154341,
ESCUELA PRIMARIA GUSTAVO A MADERO,19.3380110,-99.1086856,
ESCUELA PRIMARIA GUZTAVO A MADERO,19.3377326,-99.1081205,
ESCUELA PRIMARIA HERMANOS FLORES MAGON,19.3427350,-98.9992750,
ESCUELA PRIMARIA HERMANOS GALEANA,19.3588796,-99.2531453,
ESCUELA PRIMARIA HERMANOS SERDAN,19.3448597,-99.0127640,
ESCUELA PRIMARIA HEROE ANTONIO REYESJORNADA AMPLIADA,19.4777446,-99.0807356,
ESCUELA PRIMARIA HEROES DE 1914,19.4250910,-99.0961302,
ESCUELA PRIMARIA HEROES DE CERRO PRIETO E09DPR1092B,19.4544542,-99.0969354,
ESCUELA PRIMARIA HEROES DE CHAPULTEPEC,19.2751531,-99.1715266,
ESCUELA PRIMARIA HEROES DE CHURUBUSCO,19.3494024,-99.1561074,
ESCUELA PRIMARIA HEROES DE LA INDEPENDENCIA,19.2757011,-99.1381086,
ESCUELA PRIMARIA HEROES DEL MOLINO CCT09DPR1086R,19.3991771,-99.0567107,
ESCUELA PRIMARIA HEROICA VERACRUZ JORNADA AMPLIADA,19.4875421,-99.0892902,
ESCUELA PRIMARIA HEROICOS CADETES,19.3817161,-99.1255059,
ESCUELA PRIMARIA HIDROELECTRICA DE CUPATITZIO JORNADA AMPLIADA,19.4878488,-99.0858865,
ESCUELA PRIMARIA HIMNO NACIONAL MEXICANO SEP,19.3705917,-99.1136903,
ESCUELA PRIMARIA HOLANDA,19.3534855,-99.1116509,
ESCUELA PRIMARIA HOLANDA. CLAVE DE CENTRO DE TRABAJO 09DPR1286P,19.3533510,-99.1116640,
ESCUELA PRIMARIA HORACIO MANN,19.4256051,-99.1554306,
ESCUELA PRIMARIA HUMBERTO ESPARZA VILLAREAL,19.2638918,-99.1193981,
ESCUELA PRIMARIA IDEARIO DE JUAREZ,19.3178764,-99.1570266,
ESCUELA PRIMARIA IGNACIO ALLENDE,19.4564699,-99.1218154,
ESCUELA PRIMARIA IGNACIO GONZALEZ GUZMAN 09DPR2606Q,19.3538601,-99.0516923,
ESCUELA PRIMARIA IGNACIO LOPEZ RAYON,19.3976551,-99.1940292,
ESCUELA PRIMARIA IGNACIO MANUEL ALTAMIRANO 09DPR5103S,19.3421273,-99.0280287,
ESCUELA PRIMARIA IGNACIO MARISCAL,19.4564640,-99.0549530,
ESCUELA PRIMARIA IGNACIO RAMIREZ,19.2563045,-99.1071409,
ESCUELA PRIMARIA IGNACIO RODRIGUEZ GALVAN,19.2874451,-99.1651806,
ESCUELA PRIMARIA IGNACIO ZARAGOZA,19.3920914,-99.0895680,
ESCUELA PRIMARIA INDEPENDENCIA ECONÓMICA DE MEXICO,19.2562849,-99.0648136,
ESCUELA PRIMARIA INDIRA GANDHI CCT 09DPR4006J,19.2904044,-99.2216715,
ESCUELA PRIMARIA ING JUAN DE DIOS BATIZ T V,19.5248988,-99.1456895,
ESCUELA PRIMARIA ING ROBERTO GAYOL CCT 09DPR1216U,19.3107092,-99.0712005,
ESCUELA PRIMARIA ING. GONZALEZ CAMARENA,19.4852505,-99.1805171,
ESCUELA PRIMARIA ING. MIGUEL BERNARD,19.2524973,-99.0568412,
ESCUELA PRIMARIA INGENIERO JAVIER BARROS SIERRA,19.3368916,-99.2381362,
ESCUELA PRIMARIA INSURGENTE MORELOS JORNADA AMPLIADA,19.4860278,-99.1141941,
ESCUELA PRIMARIA INSURGENTE PEDRO MORENO,19.3900232,-99.0511633,
ESCUELA PRIMARIA INTERNADO NO 28 GENERAL LAZARO CARDENAS,19.3666668,-99.0940829,
ESCUELA PRIMARIA INVESTIGACION EDUCATIVA,19.3705430,-99.2803862,
ESCUELA PRIMARIA ISAC NEWTON,19.3745597,-99.0365836,
ESCUELA PRIMARIA ITALIA,19.4486335,-99.1422784,
ESCUELA PRIMARIA J. CONCEPCION RIVERA CCT09DPR0113R,19.3564526,-99.0311907,
ESCUELA PRIMARIA JACINTO CANEK CCT 09DPR1863Z,19.2885613,-99.2189914,
ESCUELA PRIMARIA JAIME SABINES,19.3042554,-99.0397252,
ESCUELA PRIMARIA JAIME TORRES BODET,19.4582120,-99.1086395,
ESCUELA PRIMARIA JAPON,19.3661892,-99.1185123,
ESCUELA PRIMARIA JERONIMO FIGUEROA,19.5211330,-99.1532091,
ESCUELA PRIMARIA JESUS CARLOS ROMERO VILLA,19.5088554,-99.1247557,
ESCUELA PRIMARIA JESUS MASTACHE ROMAN,19.3829900,-99.1139016,
ESCUELA PRIMARIA JESUS NARVAEZ GALDEANO 09DPR4509B,19.3297872,-99.0584466,
ESCUELA PRIMARIA JESUS ROMERO FLORES,19.4752642,-99.1285338,
ESCUELA PRIMARIA JESUS SOTELO INCLAN,19.5066953,-99.1899262,
ESCUELA PRIMARIA JESUS T ACEVEDO,19.3877952,-99.0602198,
ESCUELA PRIMARIA JOAQUIN BARANDAS,19.4582553,-99.1887761,
ESCUELA PRIMARIA JONAS EDWARD SALK,19.3845755,-99.1413369,
ESCUELA PRIMARIA JORGE ALACIO PEREZ,19.3715797,-99.1329447,
ESCUELA PRIMARIA JORGE CASAHONDA CASTILLO,19.5498972,-99.1419048,
ESCUELA PRIMARIA JORNADA AMPLIADA PROFESOR ANTONIO BARBOSA HELDT 09DPRI208L,19.3693502,-99.1299835,
ESCUELA PRIMARIA JOSE ARTURO PICHARDO,19.4677850,-99.1885514,
ESCUELA PRIMARIA JOSE AZUETA,19.2888240,-99.1761651,
ESCUELA PRIMARIA JOSE DE JESUS IBARRA Y ROBLES,19.3919637,-99.2126490,
ESCUELA PRIMARIA JOSE DOLORES MEDINA DELGADO,19.3865256,-99.0493041,
ESCUELA PRIMARIA JOSE INES NOVELO,19.3682279,-99.2324297,
ESCUELA PRIMARIA JOSÉ JESÚS AGUILERA PALOMINO 09DPR4184M JORNADA AMPLIADA,19.3310334,-99.1721908,
ESCUELA PRIMARIA JOSE LOPEZ ALAVEZ,19.5094471,-99.0979763,
ESCUELA PRIMARIA JOSE LOPEZ PORTILLO Y ROJAS,19.4141490,-99.0605705,
ESCUELA PRIMARIA JOSE LUIS VIEYRA GONZALEZ,19.3532711,-99.2959416,
ESCUELA PRIMARIA JOSÉ MA RODRÍGUEZ COS,19.3282485,-99.0442620,
ESCUELA PRIMARIA JOSE MARIA CHAVEZ ANDRADE CCT. 09DPR5100V,19.2684873,-99.2120379,
ESCUELA PRIMARIA JOSE MARIA IGLESIAS,19.4176384,-99.1700182,
ESCUELA PRIMARIA JOSE MARIA MATA,19.3998637,-99.1623651,
ESCUELA PRIMARIA JOSE MARIA MORELOS,19.1952037,-99.0267577,
ESCUELA PRIMARIA JOSE MARIA MORELOSTURNO,19.1951985,-99.0267583,
ESCUELA PRIMARIA JOSE MARIA TAPIA FREYDING,19.3571422,-99.2545264,
ESCUELA PRIMARIA JOSE MARIANO PONTON,19.4159471,-99.0860255,
ESCUELA PRIMARIA JOSE MARTI,19.3994519,-99.1640377,
ESCUELA PRIMARIA JOSE REVUELTAS,19.5208613,-99.1315314,
ESCUELA PRIMARIA JOSE RUBEN ROMERO,19.4153084,-99.0584942,
ESCUELA PRIMARIA JOSE VASCONCELOS TIEMPO COMPLETO,19.3422285,-99.0592870,
ESCUELA PRIMARIA JOSE VICENTE VILLADA CCT09DPR1431K,19.4529643,-99.0695856,
ESCUELA PRIMARIA JOSEFA ORTIZ DE DOMINGUEZ,19.3294514,-99.2125754,
ESCUELA PRIMARIA JOSEFINA RODRIGUEZ SOLIS,19.3807337,-99.2033304,
ESCUELA PRIMARIA JOSEFINA TOLSA MARAÑON,19.5523871,-99.1348076,
ESCUELA PRIMARIA JUAN AMOS COMENIO,19.4460358,-99.2043148,
ESCUELA PRIMARIA JUAN B TIJERINA,19.3664407,-99.0245976,
ESCUELA PRIMARIA JUAN B ZALAZAR,19.5181979,-99.1541895,
ESCUELA PRIMARIA JUAN BADIANO,19.2612612,-99.1302518,
ESCUELA PRIMARIA JUAN CRISOSTOMO BONILLA,19.4092778,-99.0841297,
ESCUELA PRIMARIA JUAN DE MATA RIVERA.,19.3068750,-99.0671835,
ESCUELA PRIMARIA JUAN ESCUTIA,19.3155108,-99.0794255,
ESCUELA PRIMARIA JUAN JACOBO ROUSSEAU 09DPR2566F,19.4796079,-99.0668302,
ESCUELA PRIMARIA JUAN MOTALVO,19.3929331,-99.1356575,
ESCUELA PRIMARIA JUAN PABLO GALEANA,19.5769766,-99.1329261,
ESCUELA PRIMARIA JUAN RAMON JIMENEZ CCT09DPR2821G,19.3069945,-99.0803094,
ESCUELA PRIMARIA JUAN RODRIGUEZ PUEBLA,19.3776167,-99.0160205,
ESCUELA PRIMARIA JUAN RULFO,19.3685371,-99.0355850,
ESCUELA PRIMARIA JUANA DE ASBAJE,19.4908654,-99.1094311,
ESCUELA PRIMARIA JUANA DE ASBAJE DE TIEMPO COMPLETO,19.3670913,-99.1115673,
ESCUELA PRIMARIA JUANA PAVON DE MORELOS,19.3613006,-99.1146856,
ESCUELA PRIMARIA JULIAN ADAME A LA TORRE,19.3516690,-99.1619076,
ESCUELA PRIMARIA JULIO DE LA FUENTE,19.2873051,-99.0610026,
ESCUELA PRIMARIA JULIO VERNE,19.4909223,-99.2080430,
ESCUELA PRIMARIA JULIO ZARATE,19.4404531,-99.1194115,
ESCUELA PRIMARIA JUSTINA GONZALEZ MARTINEZ 24-0659-210-00-X-016 09DPR3012N,19.5236677,-99.1386970,
ESCUELA PRIMARIA JUSTO SIERRA 09DPR515,19.3072777,-99.3345346,
ESCUELA PRIMARIA JUSTO SIERRA COMPLETO,19.4843722,-99.2138667,
ESCUELA PRIMARIA JUVENTINO ROSAS,19.5597859,-99.1318665,
ESCUELA PRIMARIA KOWEIT,19.4973607,-99.0759291,
ESCUELA PRIMARIA KULKULKAN,19.4837533,-99.0853375,
ESCUELA PRIMARIA LA PRADERA 09DPR1402P,19.4785361,-99.0674474,
ESCUELA PRIMARIA LA PRENSA CCT 09DPR1404N,19.4663683,-99.1295626,
ESCUELA PRIMARIA LA RAZA,19.4650364,-99.1468773,
ESCUELA PRIMARIA LAS TRES AMERICAS,19.4301718,-99.1643052,
ESCUELA PRIMARIA LAURA MENDEZ DE CUENCA,19.3716672,-99.2125434,
ESCUELA PRIMARIA LAUREANO JIMENEZ Y CORIA,19.5131891,-99.1414339,
ESCUELA PRIMARIA LAUREANO JIMENEZ Y CORIA CLAVE 210660211X016,19.5127881,-99.1411352,
ESCUELA PRIMARIA LAZARO PAVIA 09DPR42160,19.2983443,-99.2230955,
ESCUELA PRIMARIA LEANDRO VALLE,19.3772497,-99.0699537,
ESCUELA PRIMARIA LEGION AMERICANA,19.2338600,-99.1821940,
ESCUELA PRIMARIA LEON GUZMAN DISCONTINUO,19.4163914,-99.1139451,
ESCUELA PRIMARIA LEONA VICARIO,19.3880790,-99.2588121,
ESCUELA PRIMARIA LEONARDO BRAVO,19.4611184,-99.1276511,
ESCUELA PRIMARIA LEONISMO INTERNACIONAL,19.3983670,-99.1426698,
ESCUELA PRIMARIA LEOPOLDO KIEL 09DPR2109S,19.3904236,-99.0411589,
ESCUELA PRIMARIA LEOPOLDO VELAZQUEZ ACUÑA 09DPR5093B,19.3611341,-99.0757832,
ESCUELA PRIMARIA LEYES DE REFORMA,19.4635161,-99.1499176,
ESCUELA PRIMARIA LEYES DE REFORMA DEL 57,19.2259632,-99.2009402,
ESCUELA PRIMARIA LIBERACION CAMPESINA,19.4908595,-99.2084488,
ESCUELA PRIMARIA LIBERAL,19.3212212,-99.1467296,
ESCUELA PRIMARIA LIBERTADORES DE MEXICO,19.4572822,-99.1047894,
ESCUELA PRIMARIA LIC ALFREDO V BONFIL PINTO,19.4976439,-99.0786982,
ESCUELA PRIMARIA LIC CARLOS ZAPATA VELA,19.3939079,-99.1057383,
ESCUELA PRIMARIA LIC JOSE LOPEZ PORTILLO Y ROJAS,19.5605329,-99.1315973,
ESCUELA PRIMARIA LIC JULIO JIMENEZ RUEDA,19.3897841,-99.0662748,
ESCUELA PRIMARIA LIC LAURO G CALOCA 21-0886,19.4871330,-99.1054310,
ESCUELA PRIMARIA LIC PROTASIO TAGLE,19.3514793,-99.1638539,
ESCUELA PRIMARIA LIC. ATENEDORO MONROY CCT09DPR1560E,19.4722316,-99.1519419,
ESCUELA PRIMARIA LIC. MIGUEL ALEMAN,19.1945088,-99.0955953,
ESCUELA PRIMARIA LICENCIADO ALVARO GALVEZ Y FUENTES,19.3865580,-99.1006827,
ESCUELA PRIMARIA LICENCIADO EDUARDO NOVOA,19.3640418,-99.1468320,
ESCUELA PRIMARIA LICENCIADO FERNANDO CASAS ALEMAN,19.4478832,-99.0920003,
ESCUELA PRIMARIA LIDICE,19.3259736,-99.2249087,
ESCUELA PRIMARIA LINAJE AZTECA,19.2827073,-99.0554333,
ESCUELA PRIMARIA LISANDRO CALDERON,19.4608061,-99.1267363,
ESCUELA PRIMARIA LORENZA ROSALES,19.4486918,-99.1252784,
ESCUELA PRIMARIA LORENZO PEDRERO PADILLA,19.4988784,-99.1499059,
ESCUELA PRIMARIA LUCAS ORTÍZ BENITEZJORNADA AMPLIADA,19.5314869,-99.1470245,
ESCUELA PRIMARIA LUCIO CABAÑAS,19.3214055,-99.0397660,
ESCUELA PRIMARIA LUCIO TAPIA,19.4462540,-99.1305020,
ESCUELA PRIMARIA LUIS AUDIRAC GALVEZ,19.3760146,-99.2336453,
ESCUELA PRIMARIA LUIS BRAILE,19.3383420,-98.9794486,
ESCUELA PRIMARIA LUIS CABRERA,19.4127723,-99.1149126,
ESCUELA PRIMARIA LUIS CASTILLO LEDON,19.4485087,-99.2018753,
ESCUELA PRIMARIA LUIS DE LA BRENA,19.2350114,-99.1634295,
ESCUELA PRIMARIA LUIS DE LA ROSA COMPLETO,19.4382892,-99.1218403,
ESCUELA PRIMARIA LUIS G LOZANO,19.4699677,-99.0993936,
ESCUELA PRIMARIA LUIS G. LEON,19.4477645,-99.1324934,
ESCUELA PRIMARIA LUIS GONZALEZ OBREGON,19.4019181,-99.1585040,
ESCUELA PRIMARIA LUIS MARTINEZ MURILLO JORNADA AMPLIADA CLAVE 09DPR1379E,19.4720978,-99.0754457,
ESCUELA PRIMARIA LUIS MURILLO,19.4402752,-99.1366335,
ESCUELA PRIMARIA LUIS PENICHE VALLADO,19.3122259,-99.0379718,
ESCUELA PRIMARIA LUIS R ALARCON,19.3659576,-99.1974347,
ESCUELA PRIMARIA LUIS VARGAS PIÑEIRA,19.3866842,-99.0492113,
ESCUELA PRIMARIA LUXEMBURGO,19.3692043,-99.1970762,
ESCUELA PRIMARIA MA ENRIQUETA CAMARILLO,19.3640908,-99.0024160,
ESCUELA PRIMARIA MA MAGDALENA PACHECO BLANCO,19.2965670,-99.0625174,
ESCUELA PRIMARIA MACUILXOCHITZIN,19.3283899,-99.0271173,
ESCUELA PRIMARIA MADRE MEXICANA,19.3273903,-99.2844788,
ESCUELA PRIMARIA MAESTRA GABRIELA MISTRAL,19.3144041,-99.1614574,
ESCUELA PRIMARIA MAESTRO ADOLFO VALLES,19.2270244,-99.1078248,
ESCUELA PRIMARIA MAESTRO ARQUELES VELA SALVATIERRA,19.3904870,-99.2014202,
ESCUELA PRIMARIA MAESTRO CARLOS GONZALEZ PEÑA,19.4616764,-99.1128446,
ESCUELA PRIMARIA MAESTRO ERNESTO ALCONEDO,19.3771835,-99.1714240,
ESCUELA PRIMARIA MAESTRO FEDERICO ALVAREZ,19.3902067,-99.1465535,
ESCUELA PRIMARIA MAESTRO JOSE HELIODORO BRAVO,19.4587398,-99.0896268,
ESCUELA PRIMARIA MAESTRO JOSE VASCONCELOS JORNADA AMPLIA CCT 09DPR1665Z,19.4615903,-99.1635114,
ESCUELA PRIMARIA MAESTRO JULIAN CARRILLO CON INJESTA COMPLETO,19.4606858,-99.1324946,
ESCUELA PRIMARIA MAESTRO JULIO GARCIA,19.4790802,-99.1910437,
ESCUELA PRIMARIA MAESTRO LAURO AGUIRRE,19.4391525,-99.0840777,
ESCUELA PRIMARIA MAESTRO LEOPOLDO GARCIA VEYRAN,19.3943087,-99.2033401,
ESCUELA PRIMARIA MAESTRO LUIS CHAVEZ OROZCO,19.3900308,-99.0946015,
ESCUELA PRIMARIA MAESTROS DE MEXICO,19.3913137,-99.1036329,
ESCUELA PRIMARIA MAHATMA GANDHI22-0860-26414X-016,19.4862466,-99.0778271,
ESCUELA PRIMARIA MALIA GONZALEZ CABALLERO DE TIEMPO COMPLETO,19.5112866,-99.2019562,
ESCUELA PRIMARIA MANUEL ACUÑA,19.3701035,-99.2853049,
ESCUELA PRIMARIA MANUEL BONETA MENDEZ,19.4847494,-99.0711877,
ESCUELA PRIMARIA MANUEL BUENDÍA,19.3901850,-99.1229690,
ESCUELA PRIMARIA MANUEL C TELLO,19.4671836,-99.0770141,
ESCUELA PRIMARIA MANUEL GALLARDO ZAMORA,19.2723877,-99.1769221,
ESCUELA PRIMARIA MANUEL GAMIO,19.3624073,-99.0113099,
ESCUELA PRIMARIA MANUEL GONZALEZ FLORES,19.3373501,-99.0138469,
ESCUELA PRIMARIA MANUEL GUTIERREZ NAJERA,19.5006722,-99.0859547,
ESCUELA PRIMARIA MANUEL LOPEZ COTILLA,19.4194104,-99.1663076,
ESCUELA PRIMARIA MANUEL M. ACOSTA,19.4468557,-99.1700452,
ESCUELA PRIMARIA MANUEL QUIROZ MARTINEZ CCT 09DPR2300Z AMPLIADO,19.3859626,-99.2017030,
ESCUELA PRIMARIA MANUEL RIVERA CAMBAS,19.3296250,-99.0200307,
ESCUELA PRIMARIA MANUEL RUIZ RODRIGUEZ JORNADA AMPLIADA,19.4888849,-99.0840567,
ESCUELA PRIMARIA MANUEL SABINO CRESPO,19.5523534,-99.1517862,
ESCUELA PRIMARIA MAO TSE TUNG,19.3835831,-99.1134262,
ESCUELA PRIMARIA MARCDELINO HERNANDEZ ESPINOSA. COMPLETO,19.4147634,-99.1177276,
ESCUELA PRIMARIA MARCELIANO TREJO SANTA ANA,19.2817724,-99.1194124,
ESCUELA PRIMARIA MARCELINO DAVALOS,19.4336863,-99.1287762,
ESCUELA PRIMARIA MARCELINO RENTERIA,19.3265925,-99.0536787,
ESCUELA PRIMARIA MARGARITA DE GORTARI DE ZALINAS LOZANO 09DPR4522W,19.4266540,-99.0591999,
ESCUELA PRIMARIA MARGARITA MAGON DE FLORES,19.2449020,-99.0973086,
ESCUELA PRIMARIA MARGARITA MAZA DE JUAREZ,19.4391942,-99.1595535,
ESCUELA PRIMARIA MARÍA ADELINA FLORES MORALES,19.3250622,-99.2496150,
ESCUELA PRIMARIA MARÍA EPIGMENIA ARRIAGA SALGADO,19.3106642,-99.1041075,
ESCUELA PRIMARIA MARIA PATIÑO VIUDA DE OLMEDO,19.3374601,-99.2263043,
ESCUELA PRIMARIA MARIANO ABASOLO,19.3058217,-99.2336752,
ESCUELA PRIMARIA MARIANO GALVAN RIVERA,19.2680231,-99.1286605,
ESCUELA PRIMARIA MARIO DE LA CUEVA JORNADA AMPLIADA,19.4813725,-99.0889114,
ESCUELA PRIMARIA MARTIN DE LA CRUZ,19.2893347,-99.1280560,
ESCUELA PRIMARIA MARTIN LUIS GUZMAN,19.3007242,-99.2575482,
ESCUELA PRIMARIA MARTIN TORRES PADILLA,19.2857128,-99.1401651,
ESCUELA PRIMARIA MARTINA ISLAS,19.2659210,-99.1676261,
ESCUELA PRIMARIA MARTIRES DE LA REFORMA 09DPR1242S,19.3319831,-99.1090524,
ESCUELA PRIMARIA MARTIRES DE RIO BLANCO,19.4575750,-99.1142485,
ESCUELA PRIMARÍA MARTIRES DE TACUBAYA,19.4120569,-99.1900602,
ESCUELA PRIMARIA MARTIRES DE URUAPAN,19.5253089,-99.1724151,
ESCUELA PRIMARIA MARTIRES DEL AGRARISMO,19.4838285,-99.2004764,
ESCUELA PRIMARIA MAURITANIA,19.1965960,-99.1419965,
ESCUELA PRIMARIA MEDICO BERNARDO SEPULVEDA GUTIERREZ,19.3059343,-99.2668177,
ESCUELA PRIMARIA MELCHOR MUZQUIZ,19.3426406,-99.1913703,
ESCUELA PRIMARIA MELCHOR OCAMPO,19.3501284,-99.1578896,
ESCUELA PRIMARIA MELITON GUZMAN ROMERO,19.4727247,-99.1158856,
ESCUELA PRIMARIA MERCED HIDALGO MONROY DE LA TORRE MATUTINA,19.4911891,-99.1041143,
ESCUELA PRIMARIA MEXICO JAPON,19.3254183,-99.0508586,
ESCUELA PRIMARIA MEXITLI JORNADA AMPLIADA,19.4788970,-99.2086697,
ESCUELA PRIMARIA MI PATRIA ES PRIMERO,19.4855655,-99.2018856,
ESCUELA PRIMARIA MIGUEL ALEMAN,19.3900417,-99.1465742,
ESCUELA PRIMARIA MIGUEL BUSTOS CERECEDO,19.2384459,-99.1490410,
ESCUELA PRIMARIA MIGUEL DE CERVANTES SAAVEDRA,19.3866333,-99.0567531,
ESCUELA PRIMARIA MIGUEL DE UNAMUNO,19.4257352,-99.1595015,
ESCUELA PRIMARIA MIGUEL HIDALGO AMPLIADO CLAVE 15-0973-137-00-X-016,19.4668525,-99.1058764,
ESCUELA PRIMARIA MIGUEL HIDALGO Y COSTILLA,19.1852196,-99.0750591,
ESCUELA PRIMARIA MIGUEL SANCHEZ RIVERA,19.3063215,-99.0674796,
ESCUELA PRIMARIA MITLA 09DPR4514N,19.2907605,-99.0656130,
ESCUELA PRIMARIA MIXCOAC,19.3205328,-99.0589107,
ESCUELA PRIMARIA MOCTEZUMA ILHUICAMINA CCT 09DPR1542P,19.4513604,-99.0745417,
ESCUELA PRIMARIA MOISES SAENZ,19.4833722,-99.0995627,
ESCUELA PRIMARIA MONTES AZULES,19.3924798,-99.1477294,
ESCUELA PRIMARIA MTRA GUADALUPE NUÑEZ Y PARRA,19.4825000,-99.1195380,
ESCUELA PRIMARIA MTRO ENRIQUE C REBSAMEN,19.4975822,-99.0794494,
ESCUELA PRIMARIA MTRO FRANCISCO MONTES DE OCA,19.4081354,-99.1717309,
ESCUELA PRIMARIA MTRO MIGUEL A QUINTANA,19.5008691,-99.1302261,
ESCUELA PRIMARIA MTRO. CAYETANO RODRIGUEZ BELTRAN,19.3886185,-99.2084856,
ESCUELA PRIMARIA MTRO. MANUEL C TELLO 09DPR1363D,19.4678438,-99.0764067,
ESCUELA PRIMARIA MTROENRIQUE CREBSAMEN,19.4977989,-99.0792973,.
ESCUELA PRIMARIA MUJERES INSURGENTES,19.3159254,-99.0889532,
ESCUELA PRIMARIA MURALISTA ALFREDO ZALCE,19.3287793,-99.0797882,
ESCUELA PRIMARIA NACIONES UNIDAS,19.3960851,-99.1864423,
ESCUELA PRIMARIA NEZAHUALCOYOTL,19.3256640,-99.1591887,
ESCUELA PRIMARIA NICOLAS BRAVO,19.4953216,-99.0813388,
ESCUELA PRIMARIA NICOLAS CHAPA NIETO,19.2954728,-99.0294143,
ESCUELA PRIMARIA NICOLAS LEON,19.2853901,-98.9963381,
ESCUELA PRIMARIA NIGER,19.2903182,-99.1237757,
ESCUELA PRIMARIA NIÑO HEROE JOSE LUIS ORDAZ LOPEZ,19.4811488,-99.0762294,
ESCUELA PRIMARIA NIÑO JESUS GUARNEROS,19.4457715,-99.1143962,
ESCUELA PRIMARIA NIÑOS HEROES  311358-30600-X-015,19.3452203,-99.3128261,
ESCUELA PRIMARIA NIÑOS HEROES 09DPR5096Z,19.3226616,-99.0866566,
ESCUELA PRIMARIA NO 4 CLUB DE LEONES,19.3708727,-99.2013237,
ESCUELA PRIMARIA NORMAN E BORLAUG,19.4837080,-99.2132503,
ESCUELA PRIMARIA NORUEGA 09DPR1054Z,19.4238986,-99.1074967,
ESCUELA PRIMARIA NÚMERO 11 EMPERADOR CUITLAHUAC JORNADA AMPLIADA,19.4725535,-99.1711093,
ESCUELA PRIMARIA OBRERO MEXICANO,19.5043113,-99.1740198,
ESCUELA PRIMARIA OCTAVIO PAZ,19.2771801,-99.1183573,
ESCUELA PRIMARIA OROZCO Y BERRA,19.4577452,-99.1794165,
ESCUELA PRIMARIA PABLO MORENO,19.4393572,-99.1326780,
ESCUELA PRIMARIA PABLO PICASSO,19.3365330,-99.0464899,
ESCUELA PRIMARIA PATRIA JORNADA COMPLETA CON INGESTA,19.4805578,-99.0858395,
ESCUELA PRIMARIA PEDAGOGIA,19.3362827,-99.1332218,
ESCUELA PRIMARIA PEDRO ASCENCIO,19.3764727,-99.1485608,
ESCUELA PRIMARIA PEDRO ROMERO DE TERREROS 09DPR1048O,19.4108986,-99.0627756,
ESCUELA PRIMARIA PEDRO ROMERO DE TERREROS 09DPR1230N,19.3758006,-99.1522562,
ESCUELA PRIMARIA PEDRO SAINZ DE BARANDA,19.4151399,-99.1465049,
ESCUELA PRIMARIA PENSADOR MEXICANO,19.4477412,-99.1580171,
ESCUELA PRIMARIA PETROLEOS MEXICANOS,19.4807450,-99.2040156,
ESCUELA PRIMARIA PINTOR DIEGO RIVERA,19.1923380,-99.0893206,
ESCUELA PRIMARIA PLAN DE AYALA,19.2939556,-99.0148614,
ESCUELA PRIMARIA PLAN DE AYUTLA,19.3175093,-99.1421233,
ESCUELA PRIMARIA PLAN DE GUADALUPE,19.2971073,-99.0363398,
ESCUELA PRIMARIA PLAN DE ONCE AÑOS,19.3895365,-99.1211063,
ESCUELA PRIMARIA PLAN DE SAN LUIS,19.3446742,-99.1093561,
ESCUELA PRIMARIA POLONIA,19.4691068,-99.1863147,
ESCUELA PRIMARIA POPOL VUH SEP,19.2330180,-99.0021123,
ESCUELA PRIMARIA PRESIDENTE ADOLFO LOPEZ MATEOS,19.3680691,-99.1033836,
ESCUELA PRIMARIA PRESIDENTE PLUTARCO ELIAS CALLES,19.3907196,-99.1322669,
ESCUELA PRIMARIA PRESIDENTES DE MEXICO,19.4748737,-99.1614147,
ESCUELA PRIMARIA PRIMERO DE MAYO JORNADA AMPLIADA,19.2929108,-99.1720138,
ESCUELA PRIMARIA PROCERES DE LA INDEPENDENCIA JORNADA AMPLIADA,19.3318612,-99.2123422,
ESCUELA PRIMARIA PROCERES DE LA REFORMA,19.3321945,-99.2175543,
ESCUELA PRIMARIA PROCERES DE LA REVOLUCION,19.3346791,-99.2096488,
ESCUELA PRIMARIA PROF AGUSTIN CUE CANOVAS,19.3269660,-99.0798968,
ESCUELA PRIMARIA PROF BEATRIZ DE GORTARI Y PEREZ,19.4679363,-99.0612114,
ESCUELA PRIMARIA PROF CARMEN RAMOS DEL RIO,19.3865813,-99.0524038,
ESCUELA PRIMARIA PROF DANIEL DELGADILLO,19.4784772,-99.0812662,
ESCUELA PRIMARIA PROF JACINTO N CHAGOYA,19.4616226,-99.1349067,
ESCUELA PRIMARIA PROF LUIS GUEVARA RAMIREZ,19.3308354,-99.0742995,
ESCUELA PRIMARIA PROF MANUEL S HIDALGO CASTRO,19.3050755,-99.0415041,
ESCUELA PRIMARIA PROF RAFAEL LOPEZ MAT CCT09DPR2470T,19.3666124,-98.9935449,
ESCUELA PRIMARIA PROF ROBERTO MARTINEZ FLORES,19.5365945,-99.1421029,
ESCUELA PRIMARIA PROF. ABEL ORTEGA,19.2638047,-99.1644036,
ESCUELA PRIMARIA PROF. JOSE SANTOS VALDEZ T.M,19.3182345,-99.0420488,
ESCUELA PRIMARIA PROF. MANUEL RAFAEL GUTIERREZ,19.2890591,-99.0068580,
ESCUELA PRIMARIA PROF. XAVIER MEJIA,19.3044599,-99.1447046,
ESCUELA PRIMARIA PROFE URBANO LAVIN ROMAN,19.2942581,-99.0490376,
ESCUELA PRIMARIA PROFESOR ADOLFO VELAZQUEZ VILCHES,19.3915005,-99.2085136,
ESCUELA PRIMARIA PROFESOR ARNULFO PÉREZ HENÁNADEZ,19.3834280,-99.1121392,
ESCUELA PRIMARIA PROFESOR AVELINO BOLANOS PALACIOS,19.3223108,-99.1156463,
ESCUELA PRIMARIA PROFESOR BRUNO MARTINEZ,19.3299880,-99.0204248,
ESCUELA PRIMARIA PROFESOR CANDIDO JARAMILLO GONZALEZ,19.3376772,-99.1237989,
ESCUELA PRIMARIA PROFESOR CARITINO MALDONADO PEREZ 51-2527-534-X-024,19.2467103,-99.1064353,
ESCUELA PRIMARIA PROFESOR CARLOS FUENTES MARTÍNEZ,19.4798943,-99.0689422,
ESCUELA PRIMARIA PROFESOR CASTULO RAMIREZ LUGO,19.3795227,-99.0186387,
ESCUELA PRIMARIA PROFESOR CECILIO MIJARES POBLANO,19.2723438,-99.2368681,
ESCUELA PRIMARIA PROFESOR CLAUDIO CORTES CASTRO,19.4016791,-99.0721908,
ESCUELA PRIMARIA PROFESOR ELISEO BANDALA HERNANDEZ,19.2915381,-99.2377655,
ESCUELA PRIMARIA PROFESOR EMILIANO NEGRETE LOPEZ,19.3417447,-99.0224473,
ESCUELA PRIMARIA PROFESOR ENRIQUE VÁZQUEZ ISLAS,19.4768139,-99.0711787,
ESCUELA PRIMARIA PROFESOR ERASTO VALLE ALCARAZ,19.3809570,-99.2104040,
ESCUELA PRIMARIA PROFESOR ERNESTO MORENO BELLO,19.5610597,-99.1404970,
ESCUELA PRIMARIA PROFESOR FELIPE LOPEZ,19.3339945,-99.0236888,
ESCUELA PRIMARIA PROFESOR FRANCISCO DE LA MAZA CUADRA,19.4659438,-99.0629394,
ESCUELA PRIMARIA PROFESOR FRANCISCO NAVA BAÑUELOS,19.4959501,-99.1509704,
ESCUELA PRIMARIA PROFESOR GABRIEL LUCIO ARGUELLES,19.3171205,-99.1099045,
ESCUELA PRIMARIA PROFESOR GRACIANO SANCHEZ CCT09DPR1204P,19.3324606,-99.1077002,
ESCUELA PRIMARIA PROFESOR HERMILO ZAVALZA DEL VALLE,19.2751250,-99.2230018,
ESCUELA PRIMARIA PROFESOR JORGE CASAHONDA CASTILLO,19.3460006,-99.1896554,
ESCUELA PRIMARIA PROFESOR JOSE DE JESUS DE LA ROSA PEREZ SOTO,19.3159320,-99.1039468,
ESCUELA PRIMARIA PROFESOR JOSE GANZALEZ VILLASEÑOR,19.3318077,-99.0381283,
ESCUELA PRIMARIA PROFESOR JOSE MA BONILLA,19.4973103,-99.0957413,
ESCUELA PRIMARIA PROFESOR JUAN RAMIREZ MARQUEZ,19.3479995,-99.0290006,
ESCUELA PRIMARIA PROFESOR LIBRADO RIVERA,19.3068744,-99.1561136,
ESCUELA PRIMARIA PROFESOR LUIS ÁLVAREZ BARRET,19.3558205,-99.0603335,
ESCUELA PRIMARIA PROFESOR LUIS VILLARREAL,19.2433694,-99.1109943,
ESCUELA PRIMARIA PROFESOR MANUEL RAFAEL GUTIERREZ,19.2896527,-99.0061679,
ESCUELA PRIMARIA PROFESOR MARCELINO RENTERIA,19.3266215,-99.0537187,
ESCUELA PRIMARIA PROFESOR OCAMPO NABOR BOLAÑOS SOTO,19.4704586,-99.0679573,
ESCUELA PRIMARIA PROFESOR PABLO DAMIAN GONZALEZ,19.4976989,-99.0763441,
ESCUELA PRIMARIA PROFESOR PEDRO LOREDO ORTEGA,19.2921749,-99.2372016,
ESCUELA PRIMARIA PROFESOR PONCIANO RORIGUEZ,19.3597732,-99.1651442,
ESCUELA PRIMARIA PROFESOR PRISCILIANO MARTINEZ LOPEZ CCT 09DPR3213K,19.3979521,-99.0543077,
ESCUELA PRIMARIA PROFESOR QUINTIL GOMEZ ALVAREZ  TIEMPO COMPLETO,19.4783749,-99.0820664,
ESCUELA PRIMARIA PROFESOR RAFAEL C.HARO,19.2775590,-99.1248003,
ESCUELA PRIMARIA PROFESOR RAFAEL CRUZ MANJARREZ,19.2665738,-99.1683732,
ESCUELA PRIMARIA PROFESOR RAFAEL DELGADO,19.3411981,-99.0091319,
ESCUELA PRIMARIA PROFESOR RAFAEL HERNANDEZ LOPEZ,19.3165133,-99.2540110,
ESCUELA PRIMARIA PROFESOR RAFAEL MOLINA BETANCOURT,19.5152014,-99.1363124,
ESCUELA PRIMARIA PROFESOR RAMIRO SANCHEZ LOPEZ,19.3309037,-99.0276990,
ESCUELA PRIMARIA PROFESOR RENE AVILES ROJAS,19.2943044,-99.0580551,
ESCUELA PRIMARIA PROFESOR RUBEN MOREIRA COBOS 09DPR3168O,19.4108892,-99.0668369,
ESCUELA PRIMARIA PROFESOR RUBEN VIZCARRA Y CAMPOS,19.3338232,-99.1592741,
ESCUELA PRIMARIA PROFESOR SABINO RODRIGUEZ,19.4366782,-99.1765004,
ESCUELA PRIMARIA PROFESOR SOSTENES NICOLAS CHAPA NIETO 09DPR2624F,19.2717608,-99.1913235,
ESCUELA PRIMARIA PROFESOR TEODORO MONTIEL,19.4806658,-99.1154162,
ESCUELA PRIMARIA PROFESOR TOMAS FREGOSO,19.2258647,-98.9516426,
ESCUELA PRIMARIA PROFESOR VALENTIN ZAMORA OROZCO,19.5106491,-99.1020792,
ESCUELA PRIMARIA PROFESOR VICTOR MANUEL MANZANO DELGADO CCT 09DPR2675M,19.2772257,-99.2352773,
ESCUELA PRIMARIA PROFESORA ALICIA MARTINEZ MONTOYA,19.3739071,-99.0237798,
ESCUELA PRIMARIA PROFESORA AMELIA GARCIA Y RUBIO,19.3769834,-99.0380494,
ESCUELA PRIMARIA PROFESORA AURORA PARRA PÉREZ,19.3600333,-99.0827566,
ESCUELA PRIMARIA PROFESORA CARMEN ARROLLO DE LA PARRA,19.2887099,-99.0541237,
ESCUELA PRIMARIA PROFESORA CARMEN D0MÍNGUEZ AGUIRRE,19.3157383,-99.2481984,
ESCUELA PRIMARIA PROFESORA CONCEPCION PATINO VALDEZ CCT09DPR2298A,19.2955044,-99.2233750,
ESCUELA PRIMARIA PROFESORA ELMIRA ROCHA GARCIA JORNADA AMPLIADA,19.5067455,-99.2079095,
ESCUELA PRIMARIA PROFESORA EMMA GODOY,19.2760545,-99.2193189,
ESCUELA PRIMARIA PROFESORA MARGARITA LOPEZ FARFAN,19.5651046,-99.1392817,
ESCUELA PRIMARIA PROFESORA MARIA HAZAS VARGAS,19.3471125,-98.9954621,
ESCUELA PRIMARIA PROFESORA SUSANA ORTIZ SILVA,19.3247170,-99.1151093,
ESCUELA PRIMARIA PROFESORA VICENTA TRUJILLO,19.4516400,-99.1415715,
ESCUELA PRIMARIA PROFESORA VIRGINIA RIVERA LOZANO,19.3544187,-99.2138671,
ESCUELA PRIMARIA PROFESRO CASTULO RAMIREZ LUGO,19.3785238,-99.0185678,
ESCUELA PRIMARIA PROFR. CANDELARIO MEJIA JORNADA AMPLIADA,19.3370486,-99.1530097,
ESCUELA PRIMARIA PROFR. CARLOS SANDOVAL SEVILLA,19.3864742,-99.0814068,
ESCUELA PRIMARIA PROFRA. COLUMBA RIVERA,19.3850930,-99.0523709,
ESCUELA PRIMARIA PROGRESO CAMPESINO,19.1750283,-99.0341703,
ESCUELA PRIMARIA PROVINCIA DE QUEBEC,19.2845661,-99.2257641,
ESCUELA PRIMARIA PÚBLICA AUGUSTO CÉSAR SANDINO,19.4175884,-99.0640836,
ESCUELA PRIMARIA PUBLICA CARLOS DARWIN,19.3391310,-99.0851925,
ESCUELA PRIMARIA PUBLICA DEFENSORES DE LA REPUBLICA,19.4080916,-99.1822094,
ESCUELA PRIMARIA PUBLICA MARIANO MATAMOROS,19.4884504,-99.1908823,
ESCUELA PRIMARIA PUBLICA MARTIN OYAMBURU CMPLETO,19.4970358,-99.1974605,
ESCUELA PRIMARIA PUBLICA PLAN SEXENAL,19.1869657,-99.0735546,
ESCUELA PRIMARIA PUBLICA SIRIA,19.4423261,-99.0995975,
ESCUELA PRIMARIA PUEBLA ZARAGOZA,19.4059613,-99.0801678,
ESCUELA PRIMARIA QUETZALCOATL,19.5474088,-99.1434343,
ESCUELA PRIMARIA QUETZALCOATL 11403,19.4132471,-99.1321319,
ESCUELA PRIMARIA QUETZALCOATL 21 401,19.4120818,-99.1323355,
ESCUELA PRIMARIA QUETZALCOATL MATUINO,19.4963528,-99.0791796,
ESCUELA PRIMARIA QUILAZTLI,19.2564987,-99.1057151,
ESCUELA PRIMARIA RABINDRANATH TAGORE,19.3245949,-99.2604840,
ESCUELA PRIMARIA RAFAEL AREVALO MARTINEZ CLAVE 451464 401 00 X 021,19.3889980,-99.2127455,
ESCUELA PRIMARIA RAFAEL DONDE,19.3499388,-98.9968487,
ESCUELA PRIMARIA RAFAEL RAMOS PEDRUEZA,19.4134602,-99.1452818,
ESCUELA PRIMARIA RAFAEL SOLANA,19.3704899,-99.0059642,
ESCUELA PRIMARIA RAFAEL VALENZUELA,19.4121243,-99.0930290,
ESCUELA PRIMARIA RAMÓN G BONFIL,19.2139717,-98.9921542,
ESCUELA PRIMARIA RAMON LOPEZ,19.5189725,-99.1493208,
ESCUELA PRIMARIA RAMON MANTEROLA,19.3571312,-99.2983394,
ESCUELA PRIMARIA RAMON RAMIREZ CASTAÑEDA,19.2885276,-99.1809851,
ESCUELA PRIMARIA REFORMA AGRARIA,19.3278879,-99.1029892,
ESCUELA PRIMARIA REPUBLICA ARABE UNIDA,19.4271832,-99.0642961,
ESCUELA PRIMARIA REPUBLICA DAHOMEY,19.3938129,-99.1060165,
ESCUELA PRIMARIA REPUBLICA DE BRASIL COMPLETO 09DPR1223D,19.3492882,-99.0468814,
ESCUELA PRIMARIA REPUBLICA DE CAMERUN,19.3779445,-99.2221809,
ESCUELA PRIMARIA REPUBLICA DE CHECOSLOVAQUIA,19.3329029,-99.1355901,
ESCUELA PRIMARIA REPUBLICA DE CHINA,19.4093168,-99.1157166,
ESCUELA PRIMARIA REPÚBLICA DE COLOMBIA,19.4790179,-99.1337460,
ESCUELA PRIMARIA REPUBLICA DE CONGO,19.3715428,-99.2198326,
ESCUELA PRIMARIA REPUBLICA DE COREA,19.4741873,-99.1725825,
ESCUELA PRIMARIA REPUBLICA DE EGIPTO 09DPR4511Q,19.3205464,-99.0371803,
ESCUELA PRIMARIA REPUBLICA DE FINLANDIA,19.3497312,-99.1328947,
ESCUELA PRIMARIA REPUBLICA DE FRANCIA,19.4698909,-99.1582551,
ESCUELA PRIMARIA REPUBLICA DE GUATEMALA,19.3585398,-99.0940465,
ESCUELA PRIMARIA REPÚBLICA DE GUATEMALA,19.3497592,-99.1703543,
ESCUELA PRIMARIA REPUBLICA DE HAITI,19.4550354,-99.2068123,
ESCUELA PRIMARIA REPUBLICA DE HONDURAS,19.4449190,-99.1459155,
ESCUELA PRIMARIA REPUBLICA DE INDONESIA,19.4625382,-99.1917926,
ESCUELA PRIMARIA REPUBLICA DE ISLANDIA,19.4423697,-99.0875512,
ESCUELA PRIMARIA REPUBLICA DE LA INDIA,19.1984346,-99.1221904,
ESCUELA PRIMARIA REPUBLICA DE LIBANO,19.4278294,-99.1295978,
ESCUELA PRIMARIA REPUBLICA DE MADAGASCAR,19.3472334,-99.0520128,
ESCUELA PRIMARIA REPUBLICA DE MALI,19.3604084,-99.1284684,
ESCUELA PRIMARIA REPUBLICA DE NICARAGUA,19.3256642,-99.1343769,
ESCUELA PRIMARIA REPUBLICA DE PAKISTAN,19.4735656,-99.1045741,
ESCUELA PRIMARIA REPUBLICA DE PARAGUAY,19.3698337,-99.1894518,
ESCUELA PRIMARIA REPUBLICA DE SENEGAL,19.3053307,-99.1845123,
ESCUELA PRIMARIA REPUBLICA DE SUAZILANDIA,19.3131181,-99.1625714,
ESCUELA PRIMARIA REPUBLICA DE SUDAN,19.4858032,-99.0692419,
ESCUELA PRIMARIA REPÚBLICA DE TÚNEZ 09DPR1219R,19.3755828,-99.1515994,
ESCUELA PRIMARIA REPUBLICA DE URUGUAY,19.4626454,-99.1197556,
ESCUELA PRIMARIA REPÚBLICA DE YUGOSLAVIA,19.4195433,-99.1163699,
ESCUELA PRIMARIA REPUBLICA DEL BRASIL,19.4470280,-99.1701604,
ESCUELA PRIMARIA REPUBLICA DOMINICANA,19.4501425,-99.1301515,
ESCUELA PRIMARIA REPUBLICA FRANCESA,19.3549166,-99.1935242,
ESCUELA PRIMARIA REPUBLICA ITALIANA,19.3443993,-99.1286543,
ESCUELA PRIMARIA REPUBLICA MEXICANA,19.4813753,-99.2047347,
ESCUELA PRIMARIA REPUBLICA POPULAR DE POLONIA,19.3454215,-99.0390690,
ESCUELA PRIMARIA REPUBLICA POPULAR SOCIALISTA DE ALBANIA,19.3551020,-99.0245686,
ESCUELA PRIMARIA REVOLUCIÓN,19.4265722,-99.1489397,
ESCUELA PRIMARIA REVOLUCIÓN CLAVE 09DPR1174L,19.4271848,-99.1480954,
ESCUELA PRIMARIA REVOLUCIÓN CLAVE 09DPR2528C,19.4263949,-99.1489765,
ESCUELA PRIMARIA REY TIZOC,19.2643850,-99.1166430,
ESCUELA PRIMARIA REYNO DE JORDANIA,19.3423277,-99.1802267,
ESCUELA PRIMARIA REYNO UNIDO DE LA GRAN BRETAÑA,19.3730165,-99.1699121,
ESCUELA PRIMARIA RICARDO GOMEZ,19.3413094,-99.1992163,
ESCUELA PRIMARIA RICARDO REYES,19.4665984,-99.1047546,
ESCUELA PRIMARIA RIO PANUCO 09DPR4244K,19.2947055,-99.1621074,
ESCUELA PRIMARIA ROBERTO KOCH,19.3875771,-99.1026030,
ESCUELA PRIMARIA ROBERTO LARA Y LOPEZ,19.4442475,-99.0981733,
ESCUELA PRIMARIA ROBERTO MEDELLIN CLAVE 52-2276-556-X-022,19.2169057,-98.9728974,
ESCUELA PRIMARIA ROBERTO MEDELLIN CLAVE: 51227556042X022,19.2168923,-98.9729050,
ESCUELA PRIMARIA ROBERTO OROPEZA NAJERA,19.4722021,-99.0610597,
ESCUELA PRIMARIA ROBERTO OWEN,19.4907206,-99.1994527,
ESCUELA PRIMARIA RODOLFO MENENDEZ,19.4361411,-99.1289037,
ESCUELA PRIMARIA ROMAN SALDAÑA OROPEZA,19.3703585,-99.2013969,
ESCUELA PRIMARIA ROSA MEXICANO CCT 09DPR5102T,19.3858024,-99.2002195,
ESCUELA PRIMARIA ROSA VILLANUEVA RAMOS,19.2144362,-98.9921522,
ESCUELA PRIMARIA RUBEN DARIO,19.3164624,-99.2420971,
ESCUELA PRIMARIA RUFINO TAMAYO,19.3732238,-99.0049713,
ESCUELA PRIMARIA RUMANIA,19.3061715,-99.1776142,
ESCUELA PRIMARIA SALVADOR HERMOSO NAJERA,19.2920982,-99.0462659,
ESCUELA PRIMARIA SALVADOR TREJO ESCOBEDO,19.2011413,-99.1418321,
ESCUELA PRIMARIA SALVADOR VARELA RESENDIZ,19.5094639,-99.2016125,
ESCUELA PRIMARIA SAMUEL DELGADO I MOYA,19.3296142,-99.1629817,
ESCUELA PRIMARIA SEBASTIAN LERDO DE TEJADA CCT 09DPR2637J,19.2760213,-99.2110764,
ESCUELA PRIMARIA SECRETARIA DEL TRABAJO Y PREVISION SOCIAL CCT 09DPR2513A,19.4237572,-99.1463892,
ESCUELA PRIMARIA SEP LICENCIADO GABRIEL RAMOS MILLAN,19.3230272,-99.1377302,
ESCUELA PRIMARIA SIERRA LEONA AMPLIADO,19.1919993,-99.0002998,
ESCUELA PRIMARIA SILVESTRE REVUELTAS,19.3699374,-99.1546442,
ESCUELA PRIMARIA SIMITRIO RAMIREZ,19.3119121,-99.2604919,
ESCUELA PRIMARIA SINALOA,19.4044501,-99.1198005,
ESCUELA PRIMARIA SIXTO NIETO ROJAS,19.4570367,-99.1040660,
ESCUELA PRIMARIA SOMALIA,19.2876328,-99.1243517,
ESCUELA PRIMARIA SOSTENES NICOLAS CHAPA NIETO,19.2955380,-99.0294127,
ESCUELA PRIMARIA SUAVE PATRIA,19.4963283,-99.0803306,
ESCUELA PRIMARIA SUAZILANDIA,19.3138171,-99.1619659,
ESCUELA PRIMARIA SUIZA,19.4151730,-99.1453383,
ESCUELA PRIMARIA SURINAME,19.3146146,-99.0741186,
ESCUELA PRIMARIA SUSANA IRMA HERRERA MASCORRO,19.5061896,-99.0997058,
ESCUELA PRIMARIA T.V. REPUBLICA SOCIALISTA DE VIETNAM,19.3395581,-99.0177728,
ESCUELA PRIMARIA TATA VASC0,19.4978827,-99.0907854,
ESCUELA PRIMARIA TELPUCHCALLI,19.4677327,-99.1879433,
ESCUELA PRIMARIA TEMACHTIANI C.C.T. 09DPR1585N,19.4732676,-99.1597009,
ESCUELA PRIMARIA TEODORO A. DEHESA CCT 09DPR4221Z,19.3032295,-99.0827792,
ESCUELA PRIMARIA TEOFILO ALVAREZ BORBOA,19.2874949,-99.1331696,
ESCUELA PRIMARIA TEOFILO CEDILLO GRANADOS,19.3596996,-99.0949509,
ESCUELA PRIMARIA TEUHTLI,19.1947454,-99.0021336,
ESCUELA PRIMARIA TEUTLI,19.1946675,-99.0021501,
ESCUELA PRIMARIA THAILANDIA,19.3701774,-99.2326754,
ESCUELA PRIMARIA TIBURCIO MONTIEL,19.2535506,-99.1730253,
ESCUELA PRIMARIA TLACAELEL,19.2952115,-99.0573007,
ESCUELA PRIMARIA TLACOQUEMECATL,19.3768725,-99.1738798,
ESCUELA PRIMARIA TLAHCUILO,19.1722144,-98.9917282,
ESCUELA PRIMARIA TLAHUAC,19.2959401,-99.0623605,
ESCUELA PRIMARIA TLAMACHAKALI,19.2998465,-99.0545754,
ESCUELA PRIMARIA TLAMACHIHUAPAN,19.2429857,-99.0737386,
ESCUELA PRIMARIA TLAMATINI,19.3052655,-99.1677897,
ESCUELA PRIMARIA TLILALPACATL,19.3728702,-99.1053825,
ESCUELA PRIMARIA TOMAS FREGOSO T.V,19.2257774,-98.9516625,
ESCUELA PRIMARIA TONATIUH,19.5370046,-99.1418383,
ESCUELA PRIMARIA TORIBIO VELASCO FRIAS,19.3571799,-99.2290920,
ESCUELA PRIMARIA TRINIDAD Y TOBAGO,19.4724938,-99.0868099,
ESCUELA PRIMARIA TURQUIA,19.4562483,-99.0960741,
ESCUELA PRIMARIA UGANDA,19.3366845,-98.9912965,
ESCUELA PRIMARIA URSS,19.3934682,-99.0572660,
ESCUELA PRIMARIA VALENTIN GOMEZ FARIAS,19.3748763,-99.1853475,
ESCUELA PRIMARIA VALENTIN VAZQUEZ NAVA,19.3788831,-99.2142031,
ESCUELA PRIMARIA VALERIO TRUJANO,19.3535622,-99.3159872,
ESCUELA PRIMARIA VASCO DE QUIROGA,19.3827724,-99.2394397,
ESCUELA PRIMARIA VEINTE DE NOVIEMBRE CCT 09DPR1627W,19.4684163,-99.1699044,
ESCUELA PRIMARIA VENUSTIANO CARRANZA,19.3843317,-99.2326131,
ESCUELA PRIMARIA VESPERTINA PROFESOR PABLO DAMIAN GONZALEZ,19.4977030,-99.0763412,
ESCUELA PRIMARIA VICENTE ALCARAZ,19.4811279,-99.1843790,
ESCUELA PRIMARIA VICENTE GUERRERO,19.3603115,-99.0508009,
ESCUELA PRIMARIA VICENTE LLOMBARDO TOLEDANO,19.5332453,-99.1389814,
ESCUELA PRIMARIA VICENTE MORA CCT 09DPR3227N,19.3027520,-99.0827558,
ESCUELA PRIMARIA VICENTE RIVA PALACIO,19.2679950,-99.1032794,
ESCUELA PRIMARIA VICTORIO ROJAS OLIVAR,19.5192773,-99.1337485,
ESCUELA PRIMARIA VIDAL ALCOCER,19.2878093,-99.1650544,
ESCUELA PRIMARIA VIDAL RIVERO C.C.T. 09DPR1579C,19.4675987,-99.1541926,
ESCUELA PRIMARIA VILLA ESTRELLA,19.3519650,-99.0913106,
ESCUELA PRIMARIA VINI CUBI,19.3473108,-99.3000576,
ESCUELA PRIMARIA VIRGILIO URIBE,19.3732233,-99.1192856,
ESCUELA PRIMARIA VITO ALESSIO ROBLES COMPLETO,19.3542814,-99.1237792,
ESCUELA PRIMARIA VOCEADORES DE MÉXICO,19.3877386,-99.0325819,
ESCUELA PRIMARIA WENCESLAO VICTORIA SOTO,19.5494320,-99.1261610,
ESCUELA PRIMARIA WILFREDO MASSIEU,19.3328493,-99.1662669,
ESCUELA PRIMARIA WISTON CHURCHILL,19.4487918,-99.0845155,
ESCUELA PRIMARIA XICOTENCATL,19.3131396,-99.2558126,
ESCUELA PRIMARIA XOCHICALCO,19.3453758,-99.1014658,
ESCUELA PRIMARIA XOCHIMILCO,19.2561203,-99.1060810,
ESCUELA PRIMARIA YECAHUIZOTL,19.3081438,-98.9721039,
ESCUELA PRIMARIA ZAMBIA,19.3682556,-99.2089277,
ESCUELA PRIMARIA ZIMBABWE,19.3702781,-99.1945574,
ESCUELA PRIMARIA ZUACILANDIA,19.3137952,-99.1619849,
ESCUELA PRIMARIA. ANDRES IDUARTE.,19.5140111,-99.1248484,
ESCUELA PRINCIPADO DE MONACO,19.2938946,-99.0134312,
ESCUELA PROFESOR LEOPOLDO KIEL,19.4744430,-99.1961017,
ESCUELA PROFESOR TEODOMIRO MANZANO CAMPERO,19.5054951,-99.0988749,
ESCUELA PROFESORA GUADALUPE CENICEROS DE PEREZ ZAVALETA,19.3506359,-99.0586780,
ESCUELA PROFESORA PRIMARIA CONCEPCIÓN TARAZAGA COLOMER CCT 09DTR4008H,19.2824694,-99.2414599,
ESCUELA PUBLICA ANGELA PERALTA,19.4035168,-99.1845506,
ESCUELA REPUBLICA DE HUNGRIA,19.5064287,-99.0893477,
ESCUELA REPUBLICA POPULAR CHINA,19.4085983,-99.1495170,
ESCUELA RICARDO FLORES MAGON,19.2960107,-99.0354774,
ESCUELA SOR JUANA INES DE LA CRUZ,19.2391196,-99.0085015,
ESCUELA XAVIER VILLAURRUTIA,19.3136352,-99.1040508,
ESCUELAN PRIMARIA GUSTAVO PEDRO MAHR,19.4490801,-99.1479786,
ESCUELAS DE EDUCACIÓN PRIMARIA DEL SECTOR PÚBLICO,19.3697173,-99.1588559,
ESTADO DE LESOTHO,19.3950046,-99.0481937,
FEDERICO HERRERA MARTINEZ,19.3749473,-99.1856183,
FELIPE BERRIOZABAL,19.5561967,-99.1291921,
FRANCISCO HERNANDEZ DE CORDOBA,19.2434370,-98.9946118,
GENERAL DE DIVISION MARCIANO GONZALEZ,19.3316783,-99.1160498,
GENERAL FELIPE BERRIOZABAL,19.5562110,-99.1291869,
GUSTAVO BAZ PRADA 09DPR0046J,19.2727867,-99.2303803,
GUSTAVO BAZ PRADA 09DPR5140W,19.2728086,-99.2303350,
HACIENDA CENTRO CULTURAL,19.2911921,-99.0706682,
HEROES DEL CARRIZAL,19.3931054,-99.1351305,
INGENIERO JOSÉ LÓPEZ PORTILLO Y WEBER,19.3309106,-99.1259004,
INTERNADO EDUCACION PRIMARIA NIMERU 1 GEOTRUDIS BOCA NEGRA DE LAZO DE LA VEGA,19.3841488,-99.1694664,
JESUS GONZALEZ ORTEGA ESCUELA PRIMARIA,19.3821729,-99.1383632,
JUAREZ Y CONSTITUCION,19.2556350,-99.0105780,
LIC. ALFREDO V. BONFIL,19.3912878,-99.0897330,
LICENCIADO ANTONIO DIAS SOTO Y GAMA,19.3362665,-99.0567476,
MAESTRO FELIX JIMENEZ NAJERA 09DPR2021O,19.2480755,-98.9950514,
MANUEL AVILA CAMACHO ESCUELA PRIMARIA,19.4649379,-99.1012123,
MANUEL MARIA CONTRERAS,19.4146746,-99.1828085,
MATUTINO ESCUELA PRIMARIA PROFESOR RAMON ANDRADE CARMONA,19.5670694,-99.1334133,
MIGUEL F MARTINEZ,19.4031870,-99.1778632,
PIMARIA PROFESOR FERNANDO BEST,19.4787830,-99.1156643,
PRIMARIA AMISTAD MUNDIAL,19.3719889,-99.1946659,
PRIMARIA ANTONIO CISNEROS Y CISNEROS,19.5481206,-99.1242144,
PRIMARIA ARBOL DE LA NOCHE TRISTE,19.4558546,-99.1766125,
PRIMARIA BOMBERO RAMON ARRIAGA ACEVES,19.5008737,-99.1172225,
PRIMARIA CALPILLI,19.3604148,-99.2970545,
PRIMARIA CARLOS DE SIHUENZA Y GONGORA,19.3104972,-99.2454009,
PRIMARIA CENTRO EDUCATIVO DIDASCALOS,19.3279065,-99.0741465,
PRIMARIA COCONENCALLI 09DPR2277O,19.4288024,-99.0569733,
PRIMARIA CONSUELO MARTINEZ DE CUERVO,19.5077438,-99.0935861,
PRIMARIA CUAUHTEMOC,19.3198933,-99.2438960,
PRIMARIA EDUCACION PARA TODOS,19.5296303,-99.1451223,
PRIMARIA EJERCITO DE ORIENTE 09DPR11754,19.3679916,-99.0278031,
PRIMARIA ESCUELA DE PARTICIPACION SOCIAL NUMERO 7,19.4512608,-99.2042526,
PRIMARIA ESTADO DE COLIMA,19.3702031,-99.0760902,
PRIMARIA ESTADO DE QUINTANA ROO,19.4518393,-99.1931751,
PRIMARIA EVERARDO CRUZ SALMERON,19.2566094,-99.1840815,
PRIMARIA FELIX F PALAVICINI,19.3481721,-99.0584529,
PRIMARIA FRANCISCO GARCIA SALINAS,19.4179659,-99.1276620,
PRIMARIA FRANCISCO VAZQUEZ GOMEZ CLAVE 51207750932X014,19.3395878,-99.1165983,
PRIMARIA FRAY MELCHOR DE TALAMANTES,19.4535796,-99.1471330,
PRIMARIA GASPAR MELCHOR DE JOVELLANOS,19.3464145,-99.1999581,
PRIMARIA GENERAL ANTONIO DE LEON Y LOYOLA,19.1875075,-98.9960240,
PRIMARIA GRAL MANUEL CORONA,19.3771174,-99.1320312,
PRIMARIA GUILLERMO PRIETO 09DPR1767W,19.4017170,-99.1888805,
PRIMARIA INDIRA GANDHI CCT09DPR0034E,19.2903983,-99.2216710,
PRIMARIA ISAAC OCHOTERENA,19.2736122,-99.1669675,
PRIMARIA ISACC NEWTON,19.3733707,-99.0374711,
PRIMARIA ITALIA,19.4487023,-99.1418054,
PRIMARIA JOSE MANCISIDOR ORTIZ,19.3961939,-99.0808413,
PRIMARIA MAESTRO CELERINO CANO PALACIOS,19.4042479,-99.1498717,
PRIMARIA MAESTRO RICARDO SALGADO CORRAL,19.3131100,-99.1014868,
PRIMARIA MAHAMA GANDHI,19.4863357,-99.0778103,
PRIMARIA MANUEL ROBLEDO,19.3991314,-99.2102338,
PRIMARIA MARIANO ESCOBEDO,19.3595056,-99.2376593,
PRIMARIA MARTIN LUIS GUZMAN CLAVE 45-2116-457-00X-014,19.3262054,-99.1630239,
PRIMARIA MAXIMILIANO MOLINA FUENTES,19.2018220,-99.1489198,
PRIMARIA MIGUEL ANGEL DE QUEVEDO,19.3786469,-99.2373691,
PRIMARIA MIGUEL HIDALGO,19.4554452,-99.1786910,
PRIMARIA MTRO. ENRIQUE COCA PEREZ,19.3415313,-99.2074660,
PRIMARIA PABLO DE LA LLAVE,19.3367159,-99.1241152,
PRIMARIA PABLO MARTINEZ DEL RIO,19.3212271,-99.1211498,
PRIMARIA PATRIA Y LIBERTAD,19.2855615,-99.1826506,
PRIMARIA PEDRO AGUIRRE DE LA BARRERA,19.3953665,-99.2183235,
PRIMARIA PROF JOSE S BENITEZ,19.2823244,-99.2021847,
PRIMARIA PROFESOR CARLOS B MUNGUÍA,19.4857231,-99.0784358,
PRIMARIA PROFESOR EFREN NUÑEZ MATA,19.2864121,-99.1821612,
PRIMARIA PROFESOR ELISEO BANDALA HERNANDEZ,19.2918796,-99.2365717,
PRIMARIA PROFESOR FAUSTO ARROYO,19.5558875,-99.1290352,
PRIMARIA PROFESOR FRANCISCO DIAZ COBARRUBIAS,19.4561699,-99.1381536,
PRIMARIA PROFR MANUEL VILLA SEÑOR,19.3339112,-99.0499463,
PRIMARIA REGENTE URUCHURTU,19.5254256,-99.1632897,
PRIMARIA RENE AVILES ROJAS,19.2945664,-99.0578143,
PRIMARIA REPUBLICA DE JAMAICA,19.3792589,-99.2403239,
PRIMARIA TEZIUTLAN CCT 09DDR101SX,19.4193452,-99.0928567,
PRIMARIA VALENTIN ZAMORA OROZCO,19.3280692,-99.1309751,
PRIMARIA VICENTE GUERRERO,19.3429818,-99.2804998,
PRIMARIA XITLE,19.3242217,-99.1686262,
PRIMARIA XOCHIQUETZAL,19.3698924,-99.2911379,
PRIMARIA XOCHIQUETZAL CCT 09DPR1782O,19.3699569,-99.2909144,
PRIMARIA XOCHITL PALOMINO,19.3360426,-99.0691047,
PRIMERIA RAFAEL ANGEL DE LA PEÑA,19.4496212,-99.1706763,
PROF JOSE GUADALUPE AGUILERA,19.3991441,-99.0966555,
PROFA LEONOR LEAÑOS NAVARRO,19.3092079,-99.2651583,
PROFESOR ANTONIO S LOPEZ,19.3577763,-99.2348096,
PROFESOR CARLOS HERNÁNDEZ SELVAS,19.3247420,-99.1590162,
PROFESOR ONOFRE MELENDEZ B,19.3287176,-99.2697743,
PROFESOR ONOFRE MELENDEZ BECERRIL,19.3286850,-99.2695688,
PROFESORA ENRIQUETA LEON GONZALEZ,19.3943680,-99.2089117,
PROFR. JORGE CASAHONDA CASTILLO,19.5499011,-99.1419007,
RAFAELA SUAREZ SOLORSANO,19.3379874,-99.0071593,
REPUBLICA DE INDONESIA,19.3267141,-99.0786738,
REPUBLICA DE LIBERIA,19.4158747,-99.1011340,
SEP ESCULA PRIMARIA VISENTE ROCAFUERTE,19.4233879,-99.0565477,
SEP-INEA CURSOS,19.2697734,-99.1748785,
TONANTZIN ESCUELA PRIMARIA,19.5024469,-99.0922596,
UDEI ESCUELA PRIMARIA TONATIUH,19.5377980,-99.1417303,
VESPERTINO ESCUELA PRIMARIA PROF RAMON ANDRADE CARMONA,19.5672170,-99.1333388,
WILFRIDO MASSIEU,19.4948860,-99.1362495,
ZONA ESCOLAR TECNICO PEDAGOGICA,19.3919520,-99.0897364,
