Punto,Lat,Lon
BARTOLOME DE MEDINA,19.40124536,-99.19964572
CANADA SEC. 197,19.39396805,-99.17811044
CENTRAL DE LABORATORIOS Y TALLERES ARTURO CABALLERO ZERTUCHE,19.51106764,-99.20249026
DELEGACIÓN COYOACANESCUELA SECUNDARIA DIURNA 256,19.33586036,-99.17409579
DOCTORA MARGARITA CHJORNE TELESECUNDARIA,19.40061641,-99.19125073
ESC SEC DIURNA NUM 149 DAVID ALFARO SIQUEIROS SEP,19.31254908,-99.13306713
ESC SEC TEC 33 RAFAEL RAMIREZ CASTAÑEDA,19.38922135,-99.09152721
ESC SECUNDARIA GENERAL 258 LUIS ALVAREZ BARRET 09DES4258G,19.39244471,-99.07115304
ESC SECUNDARIA GENERAL 258 LUIS ALVAREZ BARRET E09DES0258F,19.39243193,-99.07115604
ESC. SEC.  GENERAL 213,19.42150785,-99.0578853
ESC. SEC. GRAL. FRANCISCO LUIS URQUIZA,19.41074344,-99.14479256
ESC. SEC. TEC. 110 MIGUEL OTHON DE MENDIZABAL,19.32669136,-99.0260314
ESCSECDIURNA 165 PDENTE SALVADOR ALLENDE,19.35786812,-99.04918034
ESCSECDIURNA 239 PLUTARCO ELIAS CALLES,19.3568086,-99.05083787
ESCSECUNDARIA TECNICA NUMERO 44 GENERAL FRANCISCO VILLA,19.37765463,-99.10964895
ESCUELA ANGEL TRIAS ALVAREZ,19.44246034,-99.13259392
ESCUELA DIURNA 263 DEPORTE PARA TODOS,19.45413403,-99.17505984
ESCUELA DON BENITO JUAREZ,19.41987325,-99.21847715
ESCUELA FEDERAL 307,19.55983049,-99.13609192
ESCUELA GABRIELA MISTRAL,19.3922506,-99.04426055
ESCUELA LUIS ALVARES BARRET 09DST,19.36379558,-98.99576316
ESCUELA MAESTROS MEXICANOS CCT 09DBS0022W,19.30975555,-99.23048988
ESCUELA PARA TRABAJADORES 35,19.49615678,-99.14536715
ESCUELA PROFESORA AMELIA GARCIA Y RUBIO,19.37691671,-99.03808628
ESCUELA SEC 139 JOSE ENRIQUE RODO,19.30479403,-99.18417684
ESCUELA SEC CARMEN SERDAN NO 169,19.35980557,-99.24640802
ESCUELA SEC DIURNA 165 PRESIDENTE SALVADOR ALLENDE,19.3570857,-99.04920222
ESCUELA SEC DIURNA 188 AZTECAS,19.32529867,-99.16794376
ESCUELA SEC DIURNA 206 ROBERTO KOCH CCT09DES0206Z,19.33515578,-99.11173705
ESCUELA SEC DIURNA DR ALFONSO PRUNEDA N0 31,19.25552775,-99.06527612
ESCUELA SEC DIURNA N0 31 DR ALFONSO PRUNEDA,19.25549964,-99.06536039
ESCUELA SEC DIURNA NUM 140 NETZAHUALCOYOTL,19.48730877,-99.19133196
ESCUELA SEC JONN F KENEDY,19.48381848,-99.20048027
ESCUELA SEC NUM 220 AGUSTIN YAÑEZ,19.39430823,-99.07898204
ESCUELA SEC TECNICA 64 SEP,19.3416694,-99.16787228
ESCUELA SECCUNDARIA DIURNA NUMERO 250 JESÚS M SOTELO E INCLAN,19.24220196,-99.09496609
ESCUELA SECECUNDARIA 16 PEDRO DIAZ,19.45217439,-99.13940498
ESCUELA SECUANDARIA FEDERAL 339 QUIRINO MENDOZA CORTES,19.25469976,-99.00663707
ESCUELA SECUBDARIA TECNICA 53,19.34599029,-99.03912909
ESCUELA SECUENDARIA TECNICA NO 92 CARLOS CASAS CAMPILLO,19.34028284,-98.9981284
ESCUELA SECUNDARI TECNICA NUMERO 23,19.44978868,-99.14309851
ESCUELA SECUNDARIA,19.50949881,-99.15893138
ESCUELA SECUNDARIA  NUMERO 61 PROFRA. OLGA ESQUIVEL MOLINA,19.39464456,-99.10571401
ESCUELA SECUNDARIA #109 LEON FELIPE,19.45901572,-99.20535967
ESCUELA SECUNDARIA 106 ANTONIO BALLESTEROS USANO,19.45284777,-99.13217814
ESCUELA SECUNDARIA 107 XOCHIMILCO,19.25718358,-99.10567077
ESCUELA SECUNDARIA 110 MAXIMO GORKI,19.51616384,-99.13218082
"ESCUELA SECUNDARIA 110 MAXIMO GORKI,",19.51616972,-99.13218144
ESCUELA SECUNDARIA 124 MEXICO 09DES0124Q,19.46133692,-99.17294522
ESCUELA SECUNDARIA 124 MEXICO 09DES4124R,19.46133981,-99.17296205
ESCUELA SECUNDARIA 125 PABLO CASALS,19.28409997,-99.15086316
ESCUELA SECUNDARIA 13,19.40778339,-99.13469033
ESCUELA SECUNDARIA 130,19.32031913,-99.15991588
ESCUELA SECUNDARIA 130 GUADALUPE CENICEROS DE ZAVALETA,19.32031719,-99.15991754
ESCUELA SECUNDARIA 132 JAPON,19.34165269,-99.0485031
ESCUELA SECUNDARIA 160,19.55144645,-99.13743497
ESCUELA SECUNDARIA 161 THOMAS ALVA EDISON,19.26853207,-99.14080378
ESCUELA SECUNDARIA 166 ALFONSO REYES,19.31242261,-99.25800649
ESCUELA SECUNDARIA 172 JUAN JACOBO ROUSSEAU TIEMPO COMPLETO,19.36783743,-99.02663994
ESCUELA SECUNDARIA 191 SILVESTRE REVUELTAS,19.46668977,-99.05931099
ESCUELA SECUNDARIA 192 VICENTE RIVA PALACIO GUERRERO CLAVE 09DES4192O,19.5145218,-99.20367562
ESCUELA SECUNDARIA 196 JUSTO A ZAMUDIO VARGAS,19.47483229,-99.18658233
ESCUELA SECUNDARIA 22 PARA TRABAJADORES ATLITIC,19.32941345,-99.21254318
ESCUELA SECUNDARIA 227 SOUMAYA DOMIT GEMAYEL,19.50764006,-99.20095766
ESCUELA SECUNDARIA 228 EDMUNDO O. GORMAN,19.32747956,-99.11690362
ESCUELA SECUNDARIA 230 JESÚS MASTACHE ROMÁN,19.30204851,-99.13242879
ESCUELA SECUNDARIA 24 PARA TRABAJADORES FRANCISCO SOSA,19.33586118,-99.17411302
ESCUELA SECUNDARIA 264 MIGUEL SERVET 09DE502640 JORNADA AMPLIADA,19.36460349,-98.99815586
ESCUELA SECUNDARIA 267 TEODORO FLORES JORNADA AMPLIADA,19.34530754,-98.98693786
ESCUELA SECUNDARIA 275 JOSE MARIA VELASCO VESP 09DES4275X,19.32410004,-99.06346038
ESCUELA SECUNDARIA 276 JUVENTINO ROSAS CADENAS,19.27758869,-99.17347036
ESCUELA SECUNDARIA 278 JAVIER BARROS SIERRA,19.40768393,-99.11605827
ESCUELA SECUNDARIA 283 LEYES DE REFORMA,19.46576248,-99.10778145
ESCUELA SECUNDARIA 291 INGENIERO JAVIER BARROS SIERRA,19.33744915,-99.00558507
ESCUELA SECUNDARIA 300 JESUS FRUOTOSO CONTRERAS,19.50189824,-99.17304776
ESCUELA SECUNDARIA 312 ARQUIMIDES CABALLERO,19.30490379,-99.26631477
ESCUELA SECUNDARIA 319 CUAUHTEMOC 09DESO319D,19.32560644,-99.06226684
ESCUELA SECUNDARIA 324 ALFONSO CASO ANDRADE,19.28266919,-99.03980713
ESCUELA SECUNDARIA 334 QUAUHTZINTEPETL,19.18593966,-99.0878223
ESCUELA SECUNDARIA 47 QUETZALCOATL,19.27908449,-99.00133679
ESCUELA SECUNDARIA 52 ANTONIO CASO,19.20029283,-99.05647623
ESCUELA SECUNDARIA 69 MARTIN V GONZALEZ,19.39486758,-99.09803235
ESCUELA SECUNDARIA 86,19.35604683,-99.09222281
ESCUELA SECUNDARIA 90 PARA TRABAJADORES,19.32302662,-99.13773006
ESCUELA SECUNDARIA 95,19.34606931,-99.13024121
ESCUELA SECUNDARIA ABRAHAM LINCOLN,19.41946822,-99.13471814
ESCUELA SECUNDARIA ADOLFO LOPES MATEOS 144 VESP,19.54034415,-99.14046035
ESCUELA SECUNDARIA AGUSTIN YAÑEZTURNO,19.39389859,-99.07731058
ESCUELA SECUNDARIA ALBERT SCHWEITZER,19.4044657,-99.06761858
ESCUELA SECUNDARIA ALBERTO BELTRAN GARCIA JORNADA AMPLIADA,19.48773235,-99.09095528
ESCUELA SECUNDARIA ALFONSO GARCIA ROBLES 273,19.50689174,-99.10030869
ESCUELA SECUNDARIA ALTEPECALLI,19.17700214,-98.98980405
ESCUELA SECUNDARIA ANA MARIA BERLANGA,19.44503499,-99.16175337
ESCUELA SECUNDARIA ANEXA A LA NORMAL SUPERIOR DE MEXICO,19.44235573,-99.16150274
ESCUELA SECUNDARIA ANGEL MARIA GARIBAY KINTANA 138,19.48106637,-99.0871204
ESCUELA SECUNDARIA ANGEL MARIA GARIBAY KINTANA N138,19.48107762,-99.08711857
ESCUELA SECUNDARIA AUGUSTO CESAR SANDINO NUMERO 215 JORNADA AMPLIADA,19.48423494,-99.09123762
ESCUELA SECUNDARIA BRASIL,19.48957712,-99.08852603
ESCUELA SECUNDARIA CANADÁ 197,19.393943,-99.17801303
ESCUELA SECUNDARIA CARLOS CASAS CAMPILLO 217,19.48291651,-99.14833633
ESCUELA SECUNDARIA CESAR A. RUIZ,19.42725239,-99.13250935
ESCUELA SECUNDARIA CUAHUTEMOC 319 GENERAL 09DES4319D,19.32566391,-99.06222045
ESCUELA SECUNDARIA DE JORNADA AMPLIADA,19.47273978,-99.21227809
ESCUELA SECUNDARIA DE JORNADA AMPLIADA ERMILO ABREU GÓMEZ NO 143,19.49027102,-99.20766357
ESCUELA SECUNDARIA DE TIEMPO COMPLETO NO. 34 EUGENIA LEON PUIG,19.36066234,-99.14121448
ESCUELA SECUNDARIA DIURAN 286 CCT 09DES4286C,19.39713034,-99.0537195
ESCUELA SECUNDARIA DIURNA,19.41131699,-99.09925712
ESCUELA SECUNDARIA DIURNA # 164 RUMANIA T.M.,19.36469804,-99.12956735
"ESCUELA SECUNDARIA DIURNA # 282, GILBERTO BORJA NAVARRETE",19.50400954,-99.07920362
ESCUELA SECUNDARIA DIURNA # 8,19.39064566,-99.18709553
ESCUELA SECUNDARIA DIURNA # 8 TÓMAS GARRIGUE MASARIK,19.39064913,-99.18709525
ESCUELA SECUNDARIA DIURNA 108 BERTRAND RUSELL,19.48153975,-99.20626504
ESCUELA SECUNDARIA DIURNA 108 BERTRAND RUSSELL,19.48156317,-99.20625762
ESCUELA SECUNDARIA DIURNA 108 BERTRAND RUSSELL CLAVE 09DES4108Z,19.48154975,-99.20626187
ESCUELA SECUNDARIA DIURNA 120 ROSARIO CASTELLANOS,19.44973894,-99.16820712
ESCUELA SECUNDARIA DIURNA 121 RABINDRANATH TAGORE,19.4489375,-99.16685952
ESCUELA SECUNDARIA DIURNA 123 REPUBLICA DE ARGENTINA,19.41902078,-99.06283232
ESCUELA SECUNDARIA DIURNA 13 ENRIQUE OLIVARES,19.36075014,-99.14043041
ESCUELA SECUNDARIA DIURNA 134 LEANDRO VALLE,19.40260355,-99.06971758
ESCUELA SECUNDARIA DIURNA 142 MANUEL M PONCE,19.49761594,-99.20411787
ESCUELA SECUNDARIA DIURNA 146 MAX PLANCK,19.48643778,-99.09736652
ESCUELA SECUNDARIA DIURNA 154 REPUBLICA DE CUBA,19.29156188,-99.0132209
ESCUELA SECUNDARIA DIURNA 159 ELPIDIO LOPEZ LOPEZ,19.42120661,-99.07178752
ESCUELA SECUNDARIA DIURNA 163 FCO JAVIER MINA,19.37830279,-99.06975306
ESCUELA SECUNDARIA DIURNA 171 FRIDA KAHLO,19.50494204,-99.09708447
ESCUELA SECUNDARIA DIURNA 177 COYOLXAUHQUI,19.38392048,-99.05390899
ESCUELA SECUNDARIA DIURNA 182 ALEXIS CARRELL 09DES0782G,19.34649498,-99.05135798
ESCUELA SECUNDARIA DIURNA 184 EULALIA GUZMAN,19.52208848,-99.14577965
ESCUELA SECUNDARIA DIURNA 184 EULALIA GUZMAN T.M.,19.52209818,-99.14577518
ESCUELA SECUNDARIA DIURNA 189 OLOF PALME,19.49691027,-99.11448735
ESCUELA SECUNDARIA DIURNA 193 JULIAN CARRILLO,19.51083507,-99.19936256
ESCUELA SECUNDARIA DIURNA 201 CARLOS CHAVEZ RAMIREZ MAT 09DES0201E,19.38867237,-99.05868155
ESCUELA SECUNDARIA DIURNA 205 ALEJANDRO BRAHAM BELL,19.2945741,-99.05666321
ESCUELA SECUNDARIA DIURNA 206 ROBERTO KOCH CCT09DES4206A,19.33516758,-99.11173245
ESCUELA SECUNDARIA DIURNA 207 ESTADO DE ISRAEL CCT09DES0207Z,19.50183455,-99.20728957
ESCUELA SECUNDARIA DIURNA 21 JOVITA A ELGUERO,19.39445983,-99.19309285
ESCUELA SECUNDARIA DIURNA 211 LIC ANTONIO CASTRO LEAL,19.34730545,-99.29998894
ESCUELA SECUNDARIA DIURNA 216 ALFREDO NOBEL JORNADA AMPLIADA,19.48838391,-99.11378814
ESCUELA SECUNDARIA DIURNA 223 JOSÉ MARÍA VELASCO,19.31672187,-99.23936157
ESCUELA SECUNDARIA DIURNA 224 HUETZALIN,19.21896524,-99.12168766
ESCUELA SECUNDARIA DIURNA 229,19.30564629,-99.16797438
ESCUELA SECUNDARIA DIURNA 231 SIGMUND FREUD,19.38429324,-99.22984959
ESCUELA SECUNDARIA DIURNA 232 VASCO DE QUIROGA,19.38275574,-99.23679569
ESCUELA SECUNDARIA DIURNA 236 IZTAPALAPA,19.39571556,-99.04989843
ESCUELA SECUNDARIA DIURNA 241,19.48407474,-99.08789282
ESCUELA SECUNDARIA DIURNA 242 MARGARITA DE GORTARI CARVAJAL DE SALINAS,19.47938044,-99.15825268
ESCUELA SECUNDARIA DIURNA 244 MIGUEL RAMOS ARIZPE,19.40372797,-99.16806726
ESCUELA SECUNDARIA DIURNA 247 JESUS SILVA HERZOG,19.45220496,-99.06840993
ESCUELA SECUNDARIA DIURNA 249 MEXICO TENOCHTITLAN,19.3282829,-99.04441295
ESCUELA SECUNDARIA DIURNA 255 CCT09DES0255I,19.30739963,-99.08162131
ESCUELA SECUNDARIA DIURNA 255 CCT09DES4255J,19.30718575,-99.08133439
ESCUELA SECUNDARIA DIURNA 257 IZTACALCO,19.39452657,-99.12486654
ESCUELA SECUNDARIA DIURNA 259,19.52379864,-99.14018614
ESCUELA SECUNDARIA DIURNA 266 TEOTIHUACAN,19.32875627,-99.07966421
ESCUELA SECUNDARIA DIURNA 270 CELESTINO GOROSTIZA,19.45925938,-99.14993439
ESCUELA SECUNDARIA DIURNA 271,19.50397377,-99.08687851
ESCUELA SECUNDARIA DIURNA 272 RUFINO TAMAYO,19.45850394,-99.06549911
ESCUELA SECUNDARIA DIURNA 275 09DES0275W,19.32406792,-99.06348408
ESCUELA SECUNDARIA DIURNA 279,19.32578077,-99.25941375
ESCUELA SECUNDARIA DIURNA 285 XIPETOTEC,19.48770173,-99.08401572
ESCUELA SECUNDARIA DIURNA 289 ANTONIO CARRILLO FLORES,19.3480063,-99.31738087
ESCUELA SECUNDARIA DIURNA 289 ANTONIO CARRILLO FLORES 09DES42892,19.35001756,-99.31656461
ESCUELA SECUNDARIA DIURNA 29 DON MIGUEL HIDALGO Y COSTILLA,19.28966583,-99.1688652
ESCUELA SECUNDARIA DIURNA 296,19.37984263,-99.01961365
ESCUELA SECUNDARIA DIURNA 297 PROF. OSCAR SANCHEZ SANCHEZ,19.44319823,-99.08659641
ESCUELA SECUNDARIA DIURNA 299 CIRO E GONZALEZ BLACKALLER JORNADA AMPLIADA,19.3164767,-99.10483571
ESCUELA SECUNDARIA DIURNA 306 MANUÉL ACUÑA,19.33224198,-99.0254828
ESCUELA SECUNDARIA DIURNA 309 JUAN JOSE ARREOLA ZUÑIGA,19.28317566,-99.05639882
ESCUELA SECUNDARIA DIURNA 314 BLAS GALINDO JORNADA AMPLIA,19.32258541,-99.06173803
ESCUELA SECUNDARIA DIURNA 318 XALPA CLAVE 09DES0318D JORNADA AMPLIADA,19.34486624,-99.01633811
ESCUELA SECUNDARIA DIURNA 322 QUAUCALLI,19.56099349,-99.14700245
ESCUELA SECUNDARIA DIURNA 324 ALFONSO CASO ANDRADE,19.28267307,-99.03980773
ESCUELA SECUNDARIA DIURNA 35 VICENTE GUERREO,19.35559313,-99.15561185
ESCUELA SECUNDARIA DIURNA 50,19.48516093,-99.20082358
ESCUELA SECUNDARIA DIURNA 64,19.4520576,-99.11146843
ESCUELA SECUNDARIA DIURNA 65 DEFENSORES DE PUEBLA 1862,19.37042124,-99.11438372
ESCUELA SECUNDARIA DIURNA 72 DIEGO RIVERA,19.36420517,-99.16696681
ESCUELA SECUNDARIA DIURNA 85 REPUBLICA DE FRANCIA,19.45098957,-99.0812078
ESCUELA SECUNDARIA DIURNA 91 REPUBLICA DEL PERU,19.32063866,-99.22378147
ESCUELA SECUNDARIA DIURNA ALEJANDRO VON HUMBOLDT,19.36980173,-99.21792473
ESCUELA SECUNDARIA DIURNA ALFONSO GARCIA ROBLES,19.50689492,-99.10031509
ESCUELA SECUNDARIA DIURNA CALMECAC N.248,19.37016038,-99.28454284
ESCUELA SECUNDARIA DIURNA DOSCIENTOS VEINTIDOS TLALOC,19.35392341,-99.21592991
ESCUELA SECUNDARIA DIURNA ENRIQUE BELTRAN - 293,19.36774325,-98.99829662
ESCUELA SECUNDARIA DIURNA ENRIQUE O ARAGON N22,19.35964829,-99.09549255
ESCUELA SECUNDARIA DIURNA ESTADO DE QUINTANA ROO,19.23388185,-99.18657679
ESCUELA SECUNDARIA DIURNA EZEQUIEL A CHAVEZ NO 104,19.45524047,-99.122595
ESCUELA SECUNDARIA DIURNA FEDERAL N0 240,19.52049274,-99.148714
ESCUELA SECUNDARIA DIURNA FRANCISCO GONZALEZ BOCA NEGRA,19.33166031,-99.02245727
ESCUELA SECUNDARIA DIURNA FRANCISCO GONZALEZ BOCANEGRA,19.33166031,-99.02245738
ESCUELA SECUNDARIA DIURNA GABINO A PALMA,19.35461197,-99.19284912
ESCUELA SECUNDARIA DIURNA GENERAL N0 240,19.52043232,-99.14873817
ESCUELA SECUNDARIA DIURNA ITZJAK RABIN C.C.T. 09DES0262S T.M.,19.31533804,-99.24894471
ESCUELA SECUNDARIA DIURNA ITZJAK RABIN C.C.T. 09DES4262T T.V.,19.31504871,-99.24836137
ESCUELA SECUNDARIA DIURNA JESÚS M. SOTELO INCLÁN,19.24219909,-99.09493319
ESCUELA SECUNDARIA DIURNA JORGE QUIJANO,19.42560512,-99.14889082
ESCUELA SECUNDARIA DIURNA JOSE GUADALUPE NAJERA JIMENEZ,19.34479397,-99.13241082
ESCUELA SECUNDARIA DIURNA JOSE GUADALUPE POSADA 105,19.33363114,-99.28620994
ESCUELA SECUNDARIA DIURNA JOSÉ MANUEL RAMOS,19.42552745,-99.13530784
ESCUELA SECUNDARIA DIURNA JOSEFA ORTIZ DE DOMINGUEZ N.38,19.38508225,-99.16853028
ESCUELA SECUNDARIA DIURNA JUAN AMOS COMENIO NUMERO 57,19.31299147,-99.1498753
ESCUELA SECUNDARIA DIURNA JUSTO SIERRA,19.37983545,-99.01959178
ESCUELA SECUNDARIA DIURNA LUIS PASTEUR,19.35522545,-99.03198865
ESCUELA SECUNDARIA DIURNA MANUEL MARIO CERNA CASTELAZA,19.4082512,-99.18380828
ESCUELA SECUNDARIA DIURNA MARCELINO MELENDEZ Y PELAYO CC.T.09DES4056K,19.39409984,-99.07332113
ESCUELA SECUNDARIA DIURNA MEXICO TENOCHTITLAN,19.32824698,-99.04425557
ESCUELA SECUNDARIA DIURNA N 152 VICENTE SUAREZ,19.3716328,-99.01958323
ESCUELA SECUNDARIA DIURNA N 17,19.40027856,-99.17981446
ESCUELA SECUNDARIA DIURNA N 214 CARLOS MARX,19.3644218,-98.99937936
ESCUELA SECUNDARIA DIURNA N 252 AGUSTÍN CÚE CANOVAS,19.40982183,-99.08344453
ESCUELA SECUNDARIA DIURNA N 298 MEXICO-TENOCHTITLAN 09DES4298H,19.46734178,-99.07565262
ESCUELA SECUNDARIA DIURNA N 9 TEUTLI,19.21791167,-98.9956003
ESCUELA SECUNDARIA DIURNA N.74 REPUBLICA DE NICARAGUA COOPERATIVA.,19.49682263,-99.09514438
ESCUELA SECUNDARIA DIURNA N.74.,19.49681162,-99.09515098
ESCUELA SECUNDARIA DIURNA N0175 PONCIANO ARRIAGA,19.54807477,-99.15313006
ESCUELA SECUNDARIA DIURNA N78,19.48315278,-99.13094191
ESCUELA SECUNDARIA DIURNA NO 12 ELISEO GARCÍA ESCOBEDO,19.48627915,-99.1132259
ESCUELA SECUNDARIA DIURNA NO 136,19.47282927,-99.10487949
ESCUELA SECUNDARIA DIURNA NO 156 PABLO NERUDA CT 09DES0156I,19.44265895,-99.07738726
ESCUELA SECUNDARIA DIURNA NO 170 HEBERTO CASTILLO,19.37035735,-99.20479641
ESCUELA SECUNDARIA DIURNA NO 170 HEBERTO CASTILLO T M,19.37035972,-99.2047939
ESCUELA SECUNDARIA DIURNA NO 175 PONCIANO ARRIAGA,19.54804148,-99.15315155
ESCUELA SECUNDARIA DIURNA NO 187 JOAQUIN GARCIA ICAZBALCETA,19.41793852,-99.13176535
ESCUELA SECUNDARIA DIURNA NO 195 TLAMACHIHUAPAN CCT 09DES0195L,19.28909502,-99.21464836
ESCUELA SECUNDARIA DIURNA NO 234 JOSE MANCISIDOR,19.40429241,-99.11021364
ESCUELA SECUNDARIA DIURNA NO 287 JULIO VERNE,19.33367557,-99.05115125
ESCUELA SECUNDARIA DIURNA NO 38 JOSEFA ORTIZ DE DOMINGUEZ,19.38508374,-99.16853655
ESCUELA SECUNDARIA DIURNA NO 51 PROFESOR CARLOS BENITEZ DELORME JORNADA AMPLIADA,19.38714747,-99.14279482
ESCUELA SECUNDARIA DIURNA NO 84,19.34539385,-99.10604175
ESCUELA SECUNDARIA DIURNA NO 94 GIUSSEPPE GARIBALDI,19.44450201,-99.21462628
ESCUELA SECUNDARIA DIURNA NO. 260 09DES4260V,19.44491343,-99.19269306
ESCUELA SECUNDARIA DIURNA NO. 59 GENERAL RENE CASSIN C.C.T 09DES0 059G,19.39983159,-99.12913967
ESCUELA SECUNDARIA DIURNA NO.195 TLAMACHIHUAPAN CCT09DES0195K,19.28909947,-99.21464873
ESCUELA SECUNDARIA DIURNA NO.57 REPUBLICA DE GUATEMALA,19.46167637,-99.11284455
ESCUELA SECUNDARIA DIURNA NO49 DEFENSORES DE CHURUBUSCO,19.35398159,-99.14651703
ESCUELA SECUNDARIA DIURNA NO94 GIUSSEPE GARIBALDI,19.4445014,-99.21460829
ESCUELA SECUNDARIA DIURNA NUM 208 SALVADOR DIAZ MIRON,19.31403121,-99.11596099
ESCUELA SECUNDARIA DIURNA NUM 33,19.473229,-99.16112351
ESCUELA SECUNDARIA DIURNA NÚM. 88,19.41132078,-99.09925511
ESCUELA SECUNDARIA DIURNA NUMERO 171 FRIDA KAHLO,19.50493317,-99.0970695
ESCUELA SECUNDARIA DIURNA NÚMERO 18 SOLEDAD ANAYA SOLORZANO,19.42051801,-99.15897248
ESCUELA SECUNDARIA DIURNA NUMERO 190 CARLOS PELLICER CLAVE 09DESO19OP,19.33895348,-99.15285337
ESCUELA SECUNDARIA DIURNA NUMERO 190 CARLOS PELLISER,19.33895595,-99.15285252
ESCUELA SECUNDARIA DIURNA NUMERO 207 ZAPATA VIVE,19.50183844,-99.20728846
ESCUELA SECUNDARIA DIURNA NUMERO 248 CALMECAC,19.37015823,-99.28459814
ESCUELA SECUNDARIA DIURNA NUMERO 27,19.30515585,-99.24128179
ESCUELA SECUNDARIA DIURNA NUMERO 42 IGNACIO MANUEL ALTAMIRANO,19.40361872,-99.1831661
ESCUELA SECUNDARIA DIURNA NÚMERO 7 JOSÉ MANUEL RAMOS,19.42511568,-99.13491017
ESCUELA SECUNDARIA DIURNA NUMERO 93,19.4775512,-99.09498153
ESCUELA SECUNDARIA DIURNA NÚMERO 97J ENRIQUE PESTALOZZI,19.40453377,-99.18051221
ESCUELA SECUNDARIA DIURNA PUERTO DE ALVARADO CCT 09DES0181H,19.27823005,-99.2349308
ESCUELA SECUNDARIA DIURNA PUERTO DE ALVARADO CCT 09DES4181I,19.2782298,-99.2349342
ESCUELA SECUNDARIA DIURNA RAFAEL RAMIREZ NUM 114,19.42068588,-99.13362362
ESCUELA SECUNDARIA DIURNA RAMON BETETA,19.36260044,-99.01550632
ESCUELA SECUNDARIA DIURNA RAMON LOPEZ VELARDE JORNADA AMPLIADA,19.35558128,-99.12517955
ESCUELA SECUNDARIA DIURNA REPUBLICA DE NICARAGUA,19.49685874,-99.09512274
ESCUELA SECUNDARIA DIURNA SOUMAYA TIEMPO COMPLETO,19.50764232,-99.20095817
ESCUELA SECUNDARIA DIURNA TLACAELEL NO 221,19.44456864,-99.21661575
ESCUELA SECUNDARIA DIURNA TLACOTALPAN NO 281 CCT09DESO281G,19.27552458,-99.21845169
ESCUELA SECUNDARIA DIURNA144 ADOLFO LOPEZ MATEOS,19.54034015,-99.14046186
ESCUELA SECUNDARIA DIURNA158 GABINO BARREDA,19.44984222,-99.06273517
ESCUELA SECUNDARIA DNA 192 VICENTE RIVA PALACIO GUERRERO CLAVE 09DES4192-N,19.51452282,-99.20367533
ESCUELA SECUNDARIA DOLORES ANGELA CASTILLO,19.35707123,-99.2971679
ESCUELA SECUNDARIA DUIRNA 224 HUETZALIN,19.21903789,-99.12166996
ESCUELA SECUNDARIA EMILIANO ZAPATA N37,19.18880767,-99.02418285
ESCUELA SECUNDARIA EMILIO PORTES GIL,19.37455968,-99.03658364
ESCUELA SECUNDARIA EMILIO ROSENBLUETH,19.26671906,-99.1181099
ESCUELA SECUNDARIA ENRIQUE OBREGON,19.35965138,-99.09549162
ESCUELA SECUNDARIA FEDERAL 251,19.53700424,-99.14183848
ESCUELA SECUNDARIA FEDERAL 307,19.55980853,-99.13604671
ESCUELA SECUNDARIA FEDERAL 337,19.3428337,-99.28262562
ESCUELA SECUNDARIA FEDERAL N339 QUIRINO MENDOZA CORTES,19.25462846,-99.0066702
ESCUELA SECUNDARIA FEDERAL NUMERO 327 JORNADA AMPLIADA,19.27872957,-99.05271933
ESCUELA SECUNDARIA FEDERAL NUMERO 341,19.26510474,-99.10153902
ESCUELA SECUNDARIA FEDRAL NUMERO 341,19.26510468,-99.10153871
ESCUELA SECUNDARIA FRANCISCO MONTERDE,19.24185877,-98.99342745
ESCUELA SECUNDARIA FRANCISCO ZARCO JORNADA AMPLIADA,19.42386516,-99.11734183
ESCUELA SECUNDARIA FRANCISCO ZARCO-USAER,19.4241712,-99.11976455
ESCUELA SECUNDARIA GENERAL 115 IVAN PETROVICH PAULON JORNADA EMPLEADA SIN INGESTA,19.46836606,-99.14670583
ESCUELA SECUNDARIA GENERAL 126 TLAHUIZCALLI,19.29642353,-99.03651229
ESCUELA SECUNDARIA GENERAL 199 JOSE LOPEZ PORTILLO Y WEBER,19.47276475,-99.06450507
ESCUELA SECUNDARIA GENERAL 199 JOSE LÓPEZ PORTILLO Y WEBER,19.4727757,-99.06449248
ESCUELA SECUNDARIA GENERAL 290 OCELOT,19.24289393,-99.07144847
ESCUELA SECUNDARIA GENERAL 295 GUILLERMO PRIETO PRADILLA,19.21549736,-99.10093889
ESCUELA SECUNDARIA GENERAL 295 GUILLERMO PRIETO PRADILLO,19.21556079,-99.10134638
ESCUELA SECUNDARIA GENERAL 309 JUAN JOSE ARREOLA ZUÑIGA,19.28320564,-99.0566282
ESCUELA SECUNDARIA GENERAL 326,19.47376654,-99.06840895
ESCUELA SECUNDARIA GENERAL 36 CUAUHTEMOC,19.26629134,-99.10258387
ESCUELA SECUNDARIA GENERAL DON MELCHOR OCAMPO M09DES0040I,19.43406135,-99.09754592
ESCUELA SECUNDARIA GENERAL FRANCISCO I. MADERO,19.43848572,-99.1613426
ESCUELA SECUNDARIA GENERAL IGNACIO ZARAGOZA,19.4218033,-99.12255592
ESCUELA SECUNDARIA GENERAL NO 113 PROFESOR FRANCISCO NICODEMO,19.38872752,-99.11290175
ESCUELA SECUNDARIA GENERAL NO 136,19.47282833,-99.10487988
ESCUELA SECUNDARIA GENERAL NO. 205 ALEJANDRO BRAHAM BELL,19.29456586,-99.05666998
ESCUELA SECUNDARIA GENERAL NUMERO 203 AZCAPOTZALCO,19.49743234,-99.18264456
ESCUELA SECUNDARIA GENERAL NUMERO 280,19.32081137,-99.11693638
ESCUELA SECUNDARIA GENERAL NUMERO 53 MANUEL DELFIN FIGUEROA,19.34623914,-99.15343691
ESCUELA SECUNDARIA GENERAL NUMERO 90,19.43662458,-99.09631489
ESCUELA SECUNDARIA GENERAL ROSARIO GUTIERREZ ESKILDSEN #44,19.25161934,-99.01413571
ESCUELA SECUNDARIA GENERAL ROSARIO GUTIERREZ ESKILDSEN #44 CLAVE 09DES4044F,19.25162194,-99.01414257
ESCUELA SECUNDARIA HERMANOS FLORES MAGON,19.41896043,-99.08329288
ESCUELA SECUNDARIA HERMANOS FLORES MAGON 237 MT,19.4189429,-99.0832958
ESCUELA SECUNDARIA HERMENEGILDO GALEANA,19.36786587,-99.07960013
ESCUELA SECUNDARIA IGNACIO CHAVEZ 219,19.38683237,-99.09330459
ESCUELA SECUNDARIA INGENIERO JUAN GUILLERMO VILLASANA,19.43663176,-99.09631111
ESCUELA SECUNDARIA JOSE AZUETA,19.32653823,-99.14977065
ESCUELA SECUNDARIA JOSE MARIA MORELOS Y PAVON,19.40679189,-99.17191649
ESCUELA SECUNDARIA JOSE PEON Y CONTRERAS NO 265 JORNADA AMPLIADA. CLAVE 09DS0265P,19.46999285,-99.07637029
ESCUELA SECUNDARIA JOSE VASCONCELOS 09DES0315G,19.33353878,-99.08857605
ESCUELA SECUNDARIA JUAN RULFO 304.,19.30464897,-99.04232266
ESCUELA SECUNDARIA JUSTO SIERRA,19.42083973,-99.1737674
ESCUELA SECUNDARIA LAZARO CARDENAS DEL RIO 09DES4313J,19.34763662,-99.00683731
ESCUELA SECUNDARIA LAZARO CARDENAS DEL RIO NO 313 09DES0313I,19.34763642,-99.00683731
ESCUELA SECUNDARIA LEONA VICARIO,19.47990674,-99.12095133
ESCUELA SECUNDARIA LUIS PASTEUR,19.35521949,-99.03194562
ESCUELA SECUNDARIA MAHATMA MOHANDAS GANDHI,19.44408531,-99.10107
ESCUELA SECUNDARIA MARIA ENRIQUETA CAMARILLO,19.40003535,-99.15615034
ESCUELA SECUNDARIA MARIANO AZUELA,19.38483858,-99.17735019
ESCUELA SECUNDARIA MERCOS MOSHINSKI,19.31711828,-99.10990477
ESCUELA SECUNDARIA MEXICO TENOCHTITLAN,19.46734785,-99.07565128
ESCUELA SECUNDARIA MIGUEL LERDO DE TEJADA TECNICA NUMERO 1,19.4038622,-99.12314725
ESCUELA SECUNDARIA MODALIDAD JORNADA AMPLIADA 81 REPUBLICA DE COLOMBIA,19.46811541,-99.11442356
ESCUELA SECUNDARIA N99,19.49770389,-99.07879073
ESCUELA SECUNDARIA NAGOYA,19.45292559,-99.17853788
ESCUELA SECUNDARIA NARCISO BASSOLS,19.38012865,-99.13096652
ESCUELA SECUNDARIA NO 101 LUDWING VAN BEETHOVEN,19.33031193,-99.13603115
ESCUELA SECUNDARIA NO 119 CUITLAHUAC JORNADA AMPLIADA,19.36673995,-99.0920472
ESCUELA SECUNDARIA NO 143 EMILIO ABREU GOMEZ,19.49046025,-99.20762645
ESCUELA SECUNDARIA NO 2 CORREGIDORA DE QUERETARO,19.43923123,-99.14023354
ESCUELA SECUNDARIA NO 221 TLACAELEL,19.44456888,-99.21662284
ESCUELA SECUNDARIA NO 274 LIBRADO RIVERA GODINEZ,19.37651978,-99.03760793
ESCUELA SECUNDARIA NO 277 LUIS GONZALEZ Y GONZALEZ 090DES0277U,19.43824132,-99.11790245
ESCUELA SECUNDARIA NO 35 LÁZARO CARDENAS,19.47906206,-99.13405046
ESCUELA SECUNDARIA NO DOSCIENTOS VEINTIDOS TLALOC,19.35421738,-99.2158825
ESCUELA SECUNDARIA NO.  60 REPUBLICA DE HONDURAS 09DES4060X,19.41035474,-99.06283518
ESCUELA SECUNDARIA NO. 10 LEOPOLDO AYALA,19.37394518,-99.18582603
ESCUELA SECUNDARIA NO. 31 DOCTOR ALFONSO PRUNEDA,19.25731274,-99.06454363
ESCUELA SECUNDARIA NO. 58 DE JORNADA AMPLIADA,19.47746434,-99.08777512
ESCUELA SECUNDARIA NO. 60 REPUBLICA DE HONDURAS,19.41035604,-99.06283504
ESCUELA SECUNDARIA NOCHCALCO 308,19.19193916,-99.00106198
ESCUELA SECUNDARIA NOCTURNA MACHINTEOPAN 09DBS0053P   ESCUELA SECUNDARIA MACHTITEOPAN 09DBS0053P,19.42841091,-99.05704693
ESCUELA SECUNDARIA NOCTURNA PARA TRABAJADORES #30 FRAY JOSE SERVANDO TERESA DE MIER NORIEGA Y GUERRA,19.42210502,-99.11675047
ESCUELA SECUNDARIA NUM 178 MADAME CURIE,19.33043953,-99.12255523
ESCUELA SECUNDARIA NUM 311 FRANCISCO LARROYO,19.37486703,-99.0542817
ESCUELA SECUNDARIA NUM 317 OCTAVIO PAZ TIEMPO COMPLETO,19.34082672,-99.00518649
ESCUELA SECUNDARIA NUM 86 REPUBLICA DEVENEZUELA CCT O9DES0086D,19.35601742,-99.09241776
ESCUELA SECUNDARIA NUM27 ALFREDO E URUCHURTU,19.30515401,-99.24129268
ESCUELA SECUNDARIA NUMERO 100 LUIS DE CAMOENS JORNA AMPLEADA,19.46356047,-99.13157189
ESCUELA SECUNDARIA NUMERO 147 OTILIO EDMUNDO MONTAÑO SANCHEZ,19.48195046,-99.07261028
ESCUELA SECUNDARIA NUMERO 158 GABINO BARREDA,19.44984611,-99.06272464
ESCUELA SECUNDARIA NUMERO 23 JUAN G HOLGUÍN,19.4271598,-99.15780607
ESCUELA SECUNDARIA NUMERO 28 DOCTOR MANUEL BARRANCO,19.44394253,-99.16057663
ESCUELA SECUNDARIA NUMERO 61 PROFRA. OLGA ESQUIVEL MOLINA,19.39464342,-99.10570239
ESCUELA SECUNDARIA NUMERO 63 ANGEL MIRANDA BASURTO,19.4821292,-99.0983177
ESCUELA SECUNDARIA NUMERO 80 MARTIN LUTHER KING,19.37390221,-99.14500733
ESCUELA SECUNDARIA OCELOTL 290,19.24289735,-99.0714511
ESCUELA SECUNDARIA PARA ADULTOS HEROES DEL MOLINO CCT09DBS0049C,19.3991771,-99.05671072
ESCUELA SECUNDARIA PARA TRABAJADORES 19,19.48554808,-99.11347791
ESCUELA SECUNDARIA PARA TRABAJADORES 84 JUAN PALOMO MARTINEZ,19.29375973,-98.99612897
ESCUELA SECUNDARIA PARA TRABAJADORES AQUILES VELA 09DSN0093V,19.35057005,-99.0470429
ESCUELA SECUNDARIA PARA TRABAJADORES ARQUELES VELA 09DSN0094U,19.35057852,-99.04716662
ESCUELA SECUNDARIA PARA TRABAJADORES JUAN RULFO NUMERO 60,19.48196443,-99.21451377
ESCUELA SECUNDARIA PARA TRABAJADORES MANUEL GAMIO,19.35839069,-99.09303323
ESCUELA SECUNDARIA PARA TRABAJADORES MATUTINA,19.43922764,-99.12653008
ESCUELA SECUNDARIA PARA TRABAJADORES N 28 AGUSTIN MELGAR,19.35794014,-99.09315164
ESCUELA SECUNDARIA PARA TRABAJADORES NO 26 ANGELA PERALTA,19.38508088,-99.16852452
ESCUELA SECUNDARIA PARA TRABAJADORES NO 53 ANDRES HENESTROSA,19.40677602,-99.17191242
ESCUELA SECUNDARIA PARA TRABAJADORES NO 59 ENRIQUE CONRADO REBSAMEN TN,19.3703607,-99.20479281
ESCUELA SECUNDARIA PARA TRABAJADORES NUMERO 13 CONSTITUYENTES DE 1917,19.36817942,-99.14221297
ESCUELA SECUNDARIA PARA TRABAJADORES NUMERO 42 JESÚS ROMERO FLORES,19.48338015,-99.08792883
ESCUELA SECUNDARIA PRESIDENTE VALENTIN GOMEZ FARIAS 83,19.45163841,-99.14156486
ESCUELA SECUNDARIA PROFESOR DAVID PROSPERO CARDONA,19.44807838,-99.19380365
ESCUELA SECUNDARIA PROFESOR GABINO A PALMA,19.35434626,-99.19284878
ESCUELA SECUNDARIA PUBLICA NUM 25 FERNANDO MONTES DE OCA COMPLETO,19.49734579,-99.19873876
ESCUELA SECUNDARIA RAMON DOMINGUEZ RAMON,19.36520381,-99.19890752
ESCUELA SECUNDARIA RECNICA 103,19.32990238,-98.97630143
ESCUELA SECUNDARIA REPUBLICA DE BOLIVIA N 54,19.48310568,-99.18358015
ESCUELA SECUNDARIA REPUBLICA DE BOLIVIA N 54 CCT 09DES0054L,19.48202508,-99.18363071
ESCUELA SECUNDARIA REPUBLICA DE CHILE,19.3555462,-99.12151218
ESCUELA SECUNDARIA REPUBLICA DE ITALIA 218,19.44781837,-99.10017918
ESCUELA SECUNDARIA REPUBLICA DE PANAMA 77,19.38312129,-99.24213844
ESCUELA SECUNDARIA REPUBLICA DEL PERU,19.32067684,-99.22379494
ESCUELA SECUNDARIA SOR JUANA INES DE LA CRUZ,19.4231238,-99.11644321
ESCUELA SECUNDARIA TECNIA NO. 79,19.25074859,-99.03477938
ESCUELA SECUNDARIA TECNICA # 45 IGNACIO MANUEL ALTAMIRANO E09DST0045W,19.29428062,-99.24190542
ESCUELA SECUNDARIA TECNICA #43 LUIS ENRIQUEZ ERRO,19.31974002,-99.12729107
ESCUELA SECUNDARIA TECNICA 1 1 1,19.37019879,-99.00687651
ESCUELA SECUNDARIA TECNICA 1 11,19.37020839,-99.00687267
ESCUELA SECUNDARIA TECNICA 100 GUILLERMO MASSIEU HELGUERA TIEMPO COMPLETO,19.37143292,-99.23965214
ESCUELA SECUNDARIA TECNICA 101,19.292018,-99.06990712
ESCUELA SECUNDARIA TECNICA 102,19.20973597,-98.9693584
ESCUELA SECUNDARIA TÉCNICA 102,19.20972925,-98.9693667
ESCUELA SECUNDARIA TECNICA 103,19.3299147,-98.97629713
ESCUELA SECUNDARIA TECNICA 104,19.53350188,-99.14356163
ESCUELA SECUNDARIA TECNICA 106,19.3100006,-99.07608826
ESCUELA SECUNDARIA TECNICA 106 09DST0106T,19.31003251,-99.07615968
ESCUELA SECUNDARIA TECNICA 107 VICTOR BRAVO AHUJA,19.35764617,-99.06108203
ESCUELA SECUNDARIA TECNICA 108,19.31088051,-99.04420987
ESCUELA SECUNDARIA TECNICA 11,19.34056584,-99.19878994
ESCUELA SECUNDARIA TECNICA 112 09DST0112D JORNADA AMPLEADA,19.27162796,-99.23576961
ESCUELA SECUNDARIA TECNICA 113,19.33509699,-99.04148503
ESCUELA SECUNDARIA TECNICA 115,19.3397133,-98.99248436
ESCUELA SECUNDARIA TECNICA 116,19.27645955,-99.00769919
ESCUELA SECUNDARIA TECNICA 118,19.27810049,-99.12455448
ESCUELA SECUNDARIA TECNICA 12 GUARDIAS PRESIDENCIALES,19.45569662,-99.14378625
ESCUELA SECUNDARIA TECNICA 120 SIN NOMBRE,19.13729631,-99.1753028
ESCUELA SECUNDARIA TECNICA 15 PABLO HOPE HOPE,19.48874005,-99.17925986
ESCUELA SECUNDARIA TECNICA 16 TOMAS ALVA EDISON,19.50443245,-99.12633188
ESCUELA SECUNDARIA TECNICA 17 ARTES DECORATIVAS,19.3502705,-99.15756418
ESCUELA SECUNDARIA TECNICA 19 DIEGO RIVERA 09DST0019Y,19.26844091,-99.22369716
ESCUELA SECUNDARIA TECNICA 21,19.37762513,-99.19880026
ESCUELA SECUNDARIA TECNICA 22,19.40478051,-99.11171124
ESCUELA SECUNDARIA TECNICA 24 FELIPE CARRILLO PUERTO,19.4340149,-99.09040985
ESCUELA SECUNDARIA TECNICA 25 MANUEL M CERNA CASTELAZO,19.37251991,-99.13503888
ESCUELA SECUNDARIA TECNICA 26 CARLOS PELLICER CAMARA,19.45095947,-99.19457362
ESCUELA SECUNDARIA TECNICA 27 ALBERTO J PANI,19.49039818,-99.20294093
ESCUELA SECUNDARIA TECNICA 30 ALEJANDRO GUILLOT SCHIAFFINO,19.49089434,-99.0852525
ESCUELA SECUNDARIA TECNICA 31 ROBERTO MEDELLIN OSTOS,19.49121943,-99.14668148
ESCUELA SECUNDARIA TECNICA 32 CIENCIA Y TECNOLOGIA,19.50175902,-99.1294604
ESCUELA SECUNDARIA TECNICA 34 LUIS V MASSIEU,19.22600974,-98.95278119
ESCUELA SECUNDARIA TECNICA 37 ENRIQUE BUSTAMANTE LLACA,19.36370517,-99.12162852
ESCUELA SECUNDARIA TECNICA 38 MARIANO CUELLER GUERRERO C.C.T. 09DST0038M,19.46792504,-99.15678359
ESCUELA SECUNDARIA TECNICA 39 CARLOS RAMIREZ ULLOA 09DST0039L,19.29308054,-99.17447993
ESCUELA SECUNDARIA TECNICA 39 INGENIERO CARLOS RAMIREZ ULLOA,19.29307738,-99.17447227
ESCUELA SECUNDARIA TECNICA 40 VIRGILIO CAMACHO PANIAGUA,19.29344954,-99.11965574
ESCUELA SECUNDARIA TECNICA 41 ALFONSO SIERRA PARTIDA,19.45264091,-99.08664437
ESCUELA SECUNDARIA TECNICA 45 IGNACIO MANUEL ALTAMIRANO,19.29416966,-99.24078446
ESCUELA SECUNDARIA TECNICA 45 IGNACIO MANUEL ALTAMIRANO CCT E09DST0045W,19.29427996,-99.24191603
ESCUELA SECUNDARIA TECNICA 46 ING ESTANISLAO RAMIREZ RUIZ,19.27781582,-99.0091073
ESCUELA SECUNDARIA TECNICA 47 JUAN DE DIOS BATIZ Y,19.47278198,-99.13661407
ESCUELA SECUNDARIA TECNICA 48 NARCISO BASOLS,19.37564835,-99.28769155
ESCUELA SECUNDARIA TECNICA 48 NARCISO BASSOLS,19.37564485,-99.28766634
ESCUELA SECUNDARIA TECNICA 49,19.32995955,-99.16287984
ESCUELA SECUNDARIA TECNICA 53 ADOLFO LOPEZ MATEOS,19.3459871,-99.03912875
ESCUELA SECUNDARIA TECNICA 57 GUILLERMO PRIETO,19.39015908,-99.21399532
ESCUELA SECUNDARIA TECNICA 58,19.36005832,-99.05420223
ESCUELA SECUNDARIA TECNICA 6 SOR JUANA INÉS DE LA CRUZ,19.42875102,-99.1505655
ESCUELA SECUNDARIA TECNICA 61 DR JOSE MARIA LUIS MORA,19.56425013,-99.13871372
ESCUELA SECUNDARIA TECNICA 63 MERCHOR OCAMPO,19.43465482,-99.13007649
ESCUELA SECUNDARIA TECNICA 65 LUIS LOPEZ ANTUNEZ,19.48334735,-99.1491894
ESCUELA SECUNDARIA TECNICA 71,19.46629947,-99.06352373
ESCUELA SECUNDARIA TECNICA 72,19.31022104,-99.26497613
ESCUELA SECUNDARIA TECNICA 75 IGNACIO RAMIREZ M,19.34994542,-98.99692115
ESCUELA SECUNDARIA TECNICA 78 DR ENRIQUE ARTEAGA LUNA 09DST0078N,19.48188325,-99.2038685
ESCUELA SECUNDARIA TECNICA 81 JUSTO SIERA MENDEZ,19.3568672,-99.0227784
ESCUELA SECUNDARIA TECNICA 81 JUSTO SIERRA MENDEZ,19.35686529,-99.02278017
ESCUELA SECUNDARIA TECNICA 84 BELISARIO DOMINGUEZ PALENCIA,19.31032635,-99.10972705
ESCUELA SECUNDARIA TECNICA 86,19.42532818,-99.06623635
ESCUELA SECUNDARIA TECNICA 95 CUITLAHUAC,19.30681007,-98.97226533
ESCUELA SECUNDARIA TECNICA 95TURNO,19.30681185,-98.97227746
ESCUELA SECUNDARIA TECNICA 97,19.33603937,-99.07822633
ESCUELA SECUNDARIA TECNICA 99,19.46849667,-99.10989831
ESCUELA SECUNDARIA TECNICA 99 AMISTAD BRITANICO MEXICANA,19.46850124,-99.10991096
ESCUELA SECUNDARIA TECNICA ARTES GRAFICAS,19.42502498,-99.14626101
ESCUELA SECUNDARIA TECNICA IGNACIO GARCIA TELLEZ,19.33034373,-99.27616765
ESCUELA SECUNDARIA TECNICA JOSE MARIA MORELOS Y PAVON,19.38698143,-99.11963323
ESCUELA SECUNDARIA TECNICA MIGUEL BERNARD,19.38974537,-99.08223873
ESCUELA SECUNDARIA TECNICA MIGUEL BERNATD,19.38974348,-99.08222143
ESCUELA SECUNDARIA TECNICA N 89,19.29539168,-99.07074808
ESCUELA SECUNDARIA TECNICA N. 3 VENUSTIANO CARRANZA,19.44027503,-99.12881585
ESCUELA SECUNDARIA TECNICA N.14 5 DE MAYO,19.3833037,-99.16815068
ESCUELA SECUNDARIA TECNICA N.37 ENRIQUE BUSTAMANTE LLACA,19.36370546,-99.12163128
ESCUELA SECUNDARIA TECNICA NO 4 CELIA BALCARCEL,19.40768879,-99.18665579
ESCUELA SECUNDARIA TECNICA NO 45 IGNACIO MANUEL ALTARMIRANO,19.29414955,-99.24080524
ESCUELA SECUNDARIA TECNICA NO 67 FRANCIAS DIAZ DELEON,19.30749354,-99.15588923
ESCUELA SECUNDARIA TECNICA NO 7 JOSE GUADALUPE POSADA,19.43788476,-99.12107814
ESCUELA SECUNDARIA TECNICA NO 76 VALENTIN GOMEZ FARIAS,19.51413366,-99.13870384
ESCUELA SECUNDARIA TECNICA NO 92 CARLOS CASAS CAMPILLO URNO,19.34028633,-98.99812786
ESCUELA SECUNDARÍA TECNICA NO. 119,19.27651055,-99.2119564
ESCUELA SECUNDARIA TECNICA NO. 73 CARLOS VALLEJO MARQUEZ CLAVE 09DST00735,19.32302011,-99.32577275
ESCUELA SECUNDARIA TECNICA NO. 87 DOCTOR RODOLFO HERNANDEZ CORSO,19.33925958,-98.98808942
ESCUELA SECUNDARIA TECNICA NO29 XIUHTECUHTLI,19.35752584,-99.08596997
ESCUELA SECUNDARIA TECNICA NO67 FRANCISCO DIAZ DE LEON,19.30740058,-99.15592291
ESCUELA SECUNDARIA TECNICA NO69,19.42406244,-99.0570967
ESCUELA SECUNDARIA TECNICA NO83 IGNACIO ZARAGOZA,19.40087211,-99.05990289
ESCUELA SECUNDARIA TECNICA NUM 60 FRANCISCO JAVIER SANTAMARIA,19.36645554,-99.20994519
ESCUELA SECUNDARIA TECNICA NUM. 20 PROF PAULA NAVA NAVA,19.4143414,-99.06047159
ESCUELA SECUNDARIA TECNICA NUM43,19.31974869,-99.12728622
ESCUELA SECUNDARIA TÉCNICA NÚMERO 109 DST0109Q,19.22555599,-99.10301081
ESCUELA SECUNDARIA TECNICA NUMERO 114,19.36885724,-99.03857981
ESCUELA SECUNDARIA TECNICA NUMERO 14 5 DE MAYO,19.38461578,-99.16782239
ESCUELA SECUNDARIA TECNICA NUMERO 20  PROF PAULA NAVA NAVA,19.41433209,-99.06047255
ESCUELA SECUNDARIA TECNICA NUMERO 28 FRANCISCO GOYTIA GARCIA,19.26442652,-99.11363228
ESCUELA SECUNDARIA TECNICA NUMERO 36 MANUEL MORENO TORRES,19.41952289,-99.10552711
ESCUELA SECUNDARIA TECNICA NUMERO 38 ING. MARIANO CUELLER GUERRERO C.C.T. 09D5T0038M,19.46793214,-99.15678319
ESCUELA SECUNDARIA TECNICA NUMERO 49,19.33005329,-99.16284914
ESCUELA SECUNDARIA TECNICA NUMERO 5 RAFAEL DONDE,19.43918156,-99.18167794
ESCUELA SECUNDARIA TECNICA NUMERO 55,19.38448181,-99.06390957
ESCUELA SECUNDARIA TECNICA NUMERO 55 BENITO JUAREZ,19.38449741,-99.06400066
ESCUELA SECUNDARIA TECNICA NUMERO 62 REVOLUCION MEXICANA,19.4976268,-99.18331299
ESCUELA SECUNDARIA TECNICA NUMERO 66 FRANCISCO J MUGICA,19.42228575,-99.05779193
ESCUELA SECUNDARIA TECNICA NUMERO 66 FRANCISCO J MUGICA CVE,19.42230895,-99.05778911
ESCUELA SECUNDARIA TÉCNICA NÚMERO 70 ESTEBAN BACA CALDERÓN 09DESET0070V,19.36054415,-99.00555947
ESCUELA SECUNDARIA TECNICA NUMERO 76 VALENTIN GOMEZ FARIAS,19.51406768,-99.13875237
ESCUELA SECUNDARIA TECNICA NUMERO 8 GUILLERMO GONZALEZ CAMARENA,19.40864119,-99.18190557
ESCUELA SECUNDARIA TECNICA NUMERO 80,19.29397474,-99.04747903
ESCUELA SECUNDARIA TÉCNICA NÚMERO 80 MOISES SAENZ GARZA,19.29396103,-99.04746083
ESCUELA SECUNDARIA TECNICA NUMERO 83 IGNACIO ZARGOZA TUR,19.4008107,-99.05979228
ESCUELA SECUNDARIA TECNICA NUMERO 84 BELISARIO DOMINGUEZ PALENCIA,19.31031827,-99.10972894
ESCUELA SECUNDARIA TÉCNICA NUMERO 85,19.53023192,-99.14793765
ESCUELA SECUNDARIA TECNICA NUMERO 88 JESUS REYES HEROLES,19.37201156,-99.23394561
ESCUELA SECUNDARIA TECNICA NUMERO 89,19.29531617,-99.07137002
ESCUELA SECUNDARIA TECNICA NUMERO 9 WALTER C BUCHANAN,19.48009745,-99.11518983
ESCUELA SECUNDARIA TÉCNICA NÚMERO 91 MANUEL CERRILLO VALDIVIA,19.36250166,-99.06711123
ESCUELA SECUNDARIA TECNICA NUMERO 94 MARTIN DE LA CRUZ,19.24831451,-99.12835314
ESCUELA SECUNDARIA TECNICA NUMERO 98,19.50778128,-99.18976871
ESCUELA SECUNDARIA TÉCNICA OCHENTA Y DOS,19.56077907,-99.12851169
ESCUELA SECUNDARIA TÉCNICA ROSARIO CASTELLANOS NÚMERO 93 CCT 09DST0093F,19.29649343,-99.22072445
ESCUELA SECUNDARIA TEMACHTIANI CCT 09DES4202E,19.38589694,-99.20283529
ESCUELA SECUNDARIA TEMACHTIANI VERPERTINO UDEEI CCT 09DES4202E,19.3858971,-99.20283254
ESCUELA SECUNDARIA TEOTIHUACAN 266,19.32875694,-99.07966785
ESCUELA SECUNDARIA TLAMACHTILCALLI,19.24506973,-99.02042403
ESCUELA SECUNDARIA UNION DE REPUBLICAS SOCIALISTAS,19.50036377,-99.12315728
ESCUELA SECUNDARIA UNION DE REPUBLICAS SOVIETICAS,19.50035595,-99.1231639
ESCUELA SECUNDARIA VESPERTINA JUAN AMOS COMENIO NUMERO 157,19.31298743,-99.14986226
ESCUELA SECUNDARIA VESPERTNO 33,19.47323045,-99.16111886
ESCUELA SECUNDARIA XOLOTL,19.20097761,-99.05008134
ESCUELA SUC TECNICA 75 IGNACIO RAMIREZ CLABE 09DST0075Q,19.34994346,-98.99689983
ESCUELA TECNICA NUMERO 105,19.2807512,-99.18511359
ESCUELA TELESECUNDARIA,19.36936029,-99.1667854
ESCUELA TELESECUNDARIA 116,19.37934486,-99.14678635
ESCUELA TELESECUNDARIA 120,19.38436206,-99.03113732
ESCUELA TELESECUNDARIA 46,19.47873408,-99.07035139
ESCUELA TELESECUNDARIA 63,19.37717417,-99.03837208
ESCUELA TELESECUNDARIA 94,19.50624309,-99.12372089
ESCUELA VIRGILIO CAMACHO PANIAGUA 40,19.29345075,-99.11965632
ESCUELAS DE EDUCACIÓN SECUNDARIA TÉCNICA DEL SECTOR PÚBLICO,19.35682668,-99.16218221
ESCULA SECUNDARIA TECNICA 58 T V,19.35995167,-99.05422537
EST 117,19.36216349,-99.23767707
EST 90 ARTURO ROSENBLUETH STEARNS T.V.,19.45561052,-99.05953831
EST 90 ARTURO ROSENVELT STARNS,19.45583752,-99.06079501
EST NO 77 RICARDO FLORES MAGON,19.42340036,-99.11050044
ESTADO DE QUINTANA ROO ESCUELA SECUNDARIA DIURNA,19.23388515,-99.18658458
GRAL AUGUSTO C SANDINO JORNADA AMPLIADA,19.44510595,-99.1345052
HERMILIO NOVELO TORRES,19.34051354,-99.0168134
IDA APPENDINI DAGASSO SECUNDARIA NUMERO 66,19.43163493,-99.20459676
LUIS DONALDO COLOSIO MURRIETA,19.30717604,-99.23606312
SEC DIURNA HERIBERTO JARA CORONA,19.38752805,-99.07782146
SEC HERMILO NOVELO TORRES 204,19.34050965,-99.01679464
SECUNDARIA,19.48989563,-99.07432342
SECUNDARIA  NUMERO 4 MOISES SAENZ,19.44160917,-99.15968548
SECUNDARIA 125,19.28560899,-99.15572425
SECUNDARIA 139 JOSE ENRIQUE RODO,19.30474266,-99.18414473
SECUNDARIA 148 LAO TSE,19.38610512,-99.10076342
SECUNDARIA 15 ALBERT EINSTEIN,19.44969535,-99.1719524
SECUNDARIA 211 ANTINIO CASTRO LEAL,19.34730618,-99.29999833
SECUNDARIA 212 FELIPE B BERRIOZABAL 09DES0212K,19.36762487,-99.02817335
SECUNDARIA 226 ESTADO DE VERACRUZ,19.3271522,-99.10004207
SECUNDARIA 284 GUSTAVO CABRERA ACEVEDO,19.24979149,-99.17588965
SECUNDARIA 303 CCT09DES0303B,19.3836714,-99.04374334
SECUNDARIA 332 PARA TRABAJADORES,19.33621066,-99.20385235
SECUNDARIA 41 PARA TRABAJADORES MARTIRES DEL RIO BLANCO,19.38231666,-99.11896461
SECUNDARIA 48 JUAN RUIZ DE ALARCON Y MENDOZA CCT 09DES0048A,19.49618078,-99.14535912
SECUNDARIA 55 REPUBLICA DEL SALVADORTURNO,19.47590747,-99.1790382
SECUNDARIA 87,19.50946061,-99.15933861
SECUNDARIA ACAMAPICHTLI,19.33629412,-99.06964012
SECUNDARIA ALBERT EINSTEIN 15,19.44984636,-99.17205535
SECUNDARIA ALFONSO NORIEGA CANTU,19.41593669,-99.07080528
SECUNDARIA BELIZARIO DOMINGUEZ,19.52445104,-99.16401708
SECUNDARIA DE TIEMPO COMPLETON 186 RAFAEL MOLINA BETANCUR,19.38380158,-99.11444732
SECUNDARIA DELFINA HUERTA LOPEZ,19.35015314,-99.05812347
SECUNDARIA DIURNA 118 REPUBLICA POPULAR CHINA CCT 09DES4118G,19.31063966,-99.07236424
SECUNDARIA DIURNA 118 REPUBLICA POPULAR CHINA CCT.09DES0118F,19.31066445,-99.07235908
SECUNDARIA DIURNA 121 RABINDRANATH TAGORE,19.4491907,-99.16683427
SECUNDARIA DIURNA 148,19.3861171,-99.10076129
SECUNDARIA DIURNA 155 MAXIMINO MARTINEZ,19.29859927,-99.17953705
SECUNDARIA DIURNA 179 MOTECUZOMA ILHUICAMINA,19.37952783,-99.01865446
SECUNDARIA DIURNA 179 MOTECUZOMA ILHUICAMINA MATUTIN0,19.37953135,-99.01866519
SECUNDARIA DIURNA 223,19.31671643,-99.23935899
SECUNDARIA DIURNA 261,19.34165365,-99.19648759
SECUNDARIA DIURNA 261 TURNA,19.34164346,-99.1964913
SECUNDARIA DIURNA 287 JULIO VERNE,19.33366432,-99.05115102
SECUNDARIA DIURNA 325,19.21359602,-99.06538585
SECUNDARIA DIURNA 62 MIGUEL DE CERVANTES SAAVEDRA,19.39767015,-99.15667339
SECUNDARIA DIURNA 84,19.34539079,-99.10602827
SECUNDARIA DIURNA 92 REPUBLICA DE COSTA RICA,19.45500151,-99.20886011
SECUNDARIA DIURNA ALEJANDRO VON HUMBOLDT,19.36979646,-99.2179451
SECUNDARIA DIURNA FEDERAL NUM 328,19.38228842,-99.21807124
SECUNDARIA DIURNA GUILLERMO GONZALEZ CAMARENA 141 JORNADA AMPLIADA,19.46680267,-99.06566987
SECUNDARIA DIURNA ISIDRO FABELA ALFARO 73,19.32302717,-99.1377302
SECUNDARIA DIURNA JOSE ARTEAGA NUMERO 20,19.44795778,-99.19510087
SECUNDARIA DIURNA JOSE MARIA LUIS MORA 128 CLAVE 09DES4128M,19.42960726,-99.05762472
SECUNDARIA DIURNA LUDWING VAN BEETHOVEN NO. 101,19.33030828,-99.13598207
SECUNDARIA DIURNA MAXIMILIANO RUIZ CASTAÑEDA,19.45278969,-99.20066426
SECUNDARIA DIURNA N 180 OCTAVIO PAZ,19.24657342,-99.11338377
SECUNDARIA DIURNA NO 246 GERARDO MURILLO,19.39564033,-99.21307152
SECUNDARIA DIURNA NO 6 CARLOTA JASO CLAVE 09DES0 006B,19.43638122,-99.12997355
SECUNDARIA DIURNA NO. 64,19.45205678,-99.1114646
SECUNDARIA DIURNA NUM 303 FRIDA KHALO CCT 09DE54303C,19.38366785,-99.04374537
SECUNDARÍA DIURNA TLACOTALPAN NO281 CCT 09DES4281H,19.27552106,-99.21845368
SECUNDARIA DIURNA WENCESLAO VICTORIA SOTO,19.5497144,-99.12615443
SECUNDARIA EMILIANO ZAPATA 37,19.18883985,-99.02417815
SECUNDARIA EMILIO ROSENBLUETH,19.26671294,-99.11808114
SECUNDARIA FEDERAL 243,19.36579849,-99.22678251
SECUNDARIA FEDERAL NO 243,19.36580242,-99.22677091
SECUNDARIA FRANCISCO VILLA 209,19.38737716,-99.10790987
SECUNDARIA GENERAL 271 ALVARO OBREGON,19.5036862,-99.08701056
SECUNDARIA JACQUES COUSTEAU,19.36070522,-99.14020502
SECUNDARIA JORNADA AMPLIADA,19.38232406,-99.11910958
SECUNDARIA JOSE GUADALUPE NAJERA JIMENEZ,19.34479358,-99.13242056
SECUNDARIA JOSE GUADALUPE POSADAS 105,19.332139,-99.28694645
SECUNDARIA JOSE VAZCANSOLOS,19.44515827,-99.1593989
SECUNDARIA LAURO AGUIRRE TIEMPO COMPLETO,19.44688614,-99.11566274
SECUNDARIA LUIS DONALDO COLOSIO MURRIETA,19.3071563,-99.23604306
SECUNDARIA MAHATMA MOHANDAS GANDHI,19.44425544,-99.10157226
SECUNDARIA MARGARITA MAZA DE JUAREZ,19.49664542,-99.07809831
SECUNDARIA MAXIMINO MARTINEZ 155,19.29897248,-99.1794141
SECUNDARIA MAXIMINO MARTINEZ 155 INSPECCIÓN GENERAL DE EDUCACIÓN SECUNDARIA ZONA ESCOLAR 101,19.29759773,-99.17983675
SECUNDARIA N 69 PARA TRABAJADORES HEROES NAVALES MEXICANOS,19.35998027,-99.16682646
SECUNDARIA NICOLAS COPERNICO 194,19.31732774,-99.09049405
SECUNDARIA NO 173,19.28542739,-99.18303044
SECUNDARIA NO. 98 FEDERICO FROEBEL,19.3473463,-99.04451672
SECUNDARIA NUM 46 PARA TRABAJADORES NOCTURNA VALERIO TRUJANO,19.33275742,-99.13387543
SECUNDARIA NUMERO 150 ANGEL SALAS BONILLA,19.33276216,-99.13389819
SECUNDARIA NUMERO 75 DIONISIA ZAMORA PALLARES,19.4081916,-99.10999577
SECUNDARIA PARA ADULTOS MEXICO JAPON,19.32447826,-99.04930933
SECUNDARIA PARA TRABAJADORES 39,19.47111246,-99.12272722
SECUNDARIA PARA TRABAJADORES 92 JUAN RAMIREZ MARQUEZ,19.38796545,-99.12793046
SECUNDARIA PARA TRABAJADORES MANUEL SANDOVALVALLARTA NUMERO 65,19.40819039,-99.10949421
SECUNDARIA PARA TRABAJADORES NO 4,19.43919421,-99.15955349
SECUNDARIA PARA TRABAJADORES NÚM.91 AQUILES SERDÁN 09DSN0091X,19.39448049,-99.07286067
SECUNDARIA PARA TRABAJADORES NUMERO 17 PROFESOR FELIX ZURITA,19.39960431,-99.18392358
SECUNDARIA PÚBLICA AÑO DE JUÁREZ,19.35937306,-99.09699811
SECUNDARIA REPUBLICA DE ECUADOR 89,19.45575615,-99.11921103
SECUNDARIA REPUBLICA DELSALVADOR,19.47518403,-99.17881103
SECUNDARIA REPUBLICA DEMOCRATICA ALEMANA,19.47934195,-99.1505368
SECUNDARIA REPUBLICA MEXICANA NUM 103,19.43058927,-99.15335649
SECUNDARIA T 259,19.52385209,-99.14019203
SECUNDARIA TECNICA 104 MARTIN LOPEZ RITO,19.53347637,-99.14354777
SECUNDARIA TECNICA 30 ALEJANDRO GUILLOT SCHIAFFINO,19.49158501,-99.08497791
SECUNDARIA TECNICA 50 WILFRIDO MASSIEU,19.51951759,-99.14960923
SECUNDARIA TECNICA 56 ENRIQUE RAMIREZ Y RAMIREZ,19.19278277,-99.14487168
SECUNDARIA TECNICA 96,19.22171342,-99.20631474
SECUNDARIA TECNICA JAIME TORRES BODET,19.2690237,-99.16902301
SECUNDARIA TECNICA JUAN DE DIOS BATIZ NUMERO 47,19.47278198,-99.13661407
SECUNDARÍA TÉCNICA N85,19.53024878,-99.14795062
SECUNDARIA TECNICA NO. 18 PLAN DE AYALA,19.18301066,-99.07124108
SECUNDARIA TECNICA NO. 31 DOCTOR ALFONSO PRUNEDA,19.25724636,-99.06456107
SECUNDARIA TECNICA NO42,19.45185429,-99.12839013
SECUNDARIA TECNICA NUMERO 105,19.28073831,-99.18508611
SECUNDARIA TECNICA NUMERO 42,19.45185574,-99.12839917
SECUNDARIA TECNICA NUMERO 79,19.25765089,-99.0352015
SECUNDARIA TÉCNICA ROSARIO CASTELLANOS NÚMERO 93 CCT 09DST0093F,19.29643211,-99.22065388
SECUNDARIA TEMACHTIANI 202 CCT 09DES0202D,19.38589635,-99.20284557
SEP,19.32529547,-99.16794509
SERGY A GAGARIN,19.28547431,-99.18287841
TELE SECUNDIARIA NO.150,19.28819497,-99.18042318
TELESECUNDARIA,19.31560886,-99.22245953
TELESECUNDARIA #139,19.38705304,-99.25989047
TELESECUNDARIA #17 LORENZO BOTURINI,19.41990039,-99.1126901
TELESECUNDARIA 03,19.36801786,-99.20488739
TELESECUNDARIA 09DTV0141M,19.32824995,-99.33083565
TELESECUNDARIA 1,19.56263082,-99.13829226
TELESECUNDARIA 106,19.36239106,-99.09085008
TELESECUNDARIA 121,19.24677891,-99.01017893
TELESECUNDARIA 127,19.47782533,-99.08129454
TELESECUNDARIA 130,19.54678562,-99.12449039
TELESECUNDARIA 137,19.20215134,-99.0686634
TELESECUNDARIA 138,19.17829005,-99.0311787
TELESECUNDARIA 143,19.29372802,-98.99593815
TELESECUNDARIA 145,19.38706864,-99.25994625
TELESECUNDARIA 27,19.33086469,-99.17166779
TELESECUNDARIA 32,19.36910756,-99.14269414
TELESECUNDARIA 39,19.47351994,-99.06363652
TELESECUNDARIA 40,19.36639952,-99.19611651
TELESECUNDARIA 52,19.35595964,-99.09583286
TELESECUNDARIA 60,19.43205695,-99.10943921
TELESECUNDARIA 61,19.38610745,-99.0978845
TELESECUNDARIA 71,19.49056994,-99.19758411
TELESECUNDARIA 75,19.31706706,-99.16405467
TELESECUNDARIA 76,19.52835021,-99.16582701
TELESECUNDARIA 80,19.48779778,-99.14455964
TELESECUNDARIA 89,19.38846307,-99.11613427
TELESECUNDARIA ACAMAPICHTLI 43,19.34243515,-99.00590309
TELESECUNDARIA LUCAS ALAMAN,19.35893928,-99.05715759
TELESECUNDARIA N- 67,19.44274485,-99.11464368
TELESECUNDARIA N 91,19.44196279,-99.12327783
TELESECUNDARIA N0 70 MATILDE MONTOYA LAFRAGUA,19.44343489,-99.14746303
TELESECUNDARIA N33 GULLERMO SOLIS VELARDE,19.32309982,-99.15760562
TELESECUNDARIA NO 144,19.56263214,-99.13829515
TELESECUNDARIA NO. 11,19.45251523,-99.05289186
TELESECUNDARIA NO. 21,19.46078355,-99.09186614
TELESECUNDARIA NUM 53,19.3655752,-98.99404922
TONANTZIN,19.5025651,-99.09217932
