Establecimiento,latitud,longitud
ABASTECEDORA DE MATERIALES PARA LA CONSTRUCCION LAGUNA,19.5280847,-99.0519814
ACABADOS COLONIALES,19.67980143,-98.99615134
ACABADOS DE BARRO COLONIAL,19.61737379,-98.9834801
ACEROS Y CEMENTOS DE MEXICO,19.54330092,-99.07103594
ACEROS Y CEMENTOS GALPE,19.66664216,-99.00421708
APASCO MATERIALES RIVERA,19.61930974,-98.98988819
ARX BUY SELL,19.53725024,-99.0638259
BA헲S Y COCINAS SAN AGUSTIN,19.52775454,-99.05036997
BODEGA DE  MATERIALES DE  CONSTRUCCION R1,19.54669692,-99.03469066
BODEGA DE LOS MATERIALES PARA CONSTRUCCION EL CALVARIO,19.60366648,-99.05631979
BODEGA DE MATERIAL PARA CONSTRUCCION SIN NOMBRE,19.51190926,-99.02125237
BODEGA DE MATERIALES LAS JOYAS,19.51858042,-99.07202709
BODEGA DE MATERIALES PARA LA CONSTRUCCION,19.52033099,-99.04201168
BODEGA DE TLAPALERIA MIKE,19.53546078,-99.02384193
BODEGA TLAPALERIA GONZALEZ,19.57450009,-99.07083664
CALENTADORES SOLARES,19.67432041,-99.00239781
CASA DE MATERIALES CASTOR EL CONSTRUCTOR,19.52656107,-99.02951109
CASA DE MATERIALES CEMENTO CRUZ AZUL,19.49688944,-99.05499025
CASA DE MATERIALES DE CONSTRUCCION URBI EXPRESS,19.65534544,-99.01949524
CASA DE MATERIALES DUARTE,19.49456306,-99.02378522
CASA DE MATERIALES GUTIERREZ HERMANOS,19.67887865,-98.99031602
CASA DE MATERIALES MADI,19.66319129,-99.01055023
CASA DE MATERIALES SIN NOMBRE,19.60189447,-99.01326055
CASA GAM ACABADOS CONSTRUTIVOS,19.49913575,-99.05151309
CASA MARTINEZ,19.64625118,-98.99975989
CELOSIAS Y ACABADOS SAGITARIO,19.49464949,-99.04459931
CEMENTO,19.65187435,-99.06494625
CEMENTO SAN MARTIN,19.53461659,-99.05293036
CEMENTOS Y FIERROS MEXEDO SA DE CV,19.67939352,-99.03670694
CONSTRU PLAZA,19.56572267,-99.02633244
CONSTRUCCIONES Y REMODELACIONES JARDINES,19.59678767,-99.01694146
CONSTRUCTORA 28 SA DE CV,19.70913726,-98.97845044
CONSTRURAMA,19.52638656,-99.03162351
DEPOSITO DE ARENA GRAVA,19.55550764,-99.07959308
DISTRIBUIDOR R1,19.52169689,-99.05835488
DISTRIBUIDORA DE MATERIALES PARA CONSTRUCCI흁MORELOS,19.53269587,-99.04856223
DISTRIBUIDORA DE MATERIALES TERRANOVA,19.61481673,-99.0620218
DISTRIBUIDORA GALES,19.72112283,-98.97111172
DISTRIBUIDORA GALES,19.72063267,-98.97000092
DISTRIBUIDORA IMPULSA,19.60027056,-99.0526094
EL CONSTRUCTOR MATERIALES PARA CONSTRUCCION,19.53406794,-99.019179
ESTIBOS VILLA SE헲R VENTA DE VARILLA Y ALAMBRADO.,19.60830824,-99.06653498
EXPENDIO DE MATERIALES PARA LACONSTRUCCION,19.49803506,-99.03044838
FAMA MATERIALES Y ACABADOS,19.63045584,-99.06028561
FERRE MATERIALES LAS AMERICAS,19.58627593,-99.00965501
FERRETERIA ALVIR,19.63679191,-99.00227403
FERRETERIA TORNILLOS Y RESORTES,19.60294197,-99.05154772
FERRETERIA Y TLAPALERIA COMERCIAL GALINDO,19.77271558,-98.98128606
GRUPO COMERCIAL AMORI,19.55084932,-99.04722888
HETERO CICLICO,19.62615976,-99.07776099
HOLDING PARA VENTAS A GOBIERNO S A DE C V,19.5637047,-99.04588
JARDINES DE MORELOS,19.59684729,-99.00668351
LAVADEROO,19.527889,-99.05049474
MAGA,19.5379109,-99.0425617
MAGNEMEX,19.53156827,-99.07437426
MARMOL EL GRANITO FENIX,19.59347044,-99.04398474
MATERIAL DE CONSTRUCCION LA PIE,19.6617035,-98.99392998
MATERIAL PARA CONSTRUCCION,19.68288104,-99.01534496
MATERIAL PARA CONSTRUCCION,19.49775204,-99.04603181
MATERIAL PARA CONSTRUCCION,19.558532,-99.0822398
MATERIAL PARA CONSTRUCCION SIN NOMBRE,19.58430104,-99.05090184
MATERIALE D CONSTRUCCION LA LEGUA,19.71463978,-98.97103954
MATERIALEA PARA CONSTRUCCION ALVARADO,19.64193622,-99.07080666
MATERIALES,19.49785157,-99.05646559
MATERIALES ADONAI,19.54650295,-99.02391522
MATERIALES AGUILAR,19.51464353,-99.02373164
MATERIALES ARCO,19.6916076,-98.98555042
MATERIALES ARTELI,19.62203276,-99.04698519
MATERIALES BRAG,19.6311803,-99.07138526
MATERIALES CERVANTES,19.60912685,-99.01969886
MATERIALES CORONA,19.49151756,-99.02969063
MATERIALES COSTRUCION GFS,19.62101567,-99.04651793
MATERIALES DE CONSTRUCCION,19.67725476,-99.03385225
MATERIALES DE CONSTRUCCION CASA ORTEGA,19.51323838,-99.05576
MATERIALES DE CONSTRUCCION LOPEZ,19.60038158,-99.05794638
MATERIALES DE CONSTRUCCION LOS CHOPOS,19.62148102,-99.05504067
MATERIALES DE CONSTRUCION CASAS,19.49344968,-99.03229869
MATERIALES DEFIN,19.52834778,-99.04584248
MATERIALES DEL RIO,19.55520495,-99.03584796
MATERIALES DON RAFA,19.63126115,-99.05327797
MATERIALES EL CALVARIO,19.60374178,-99.05615922
MATERIALES EL CONSENTIDO,19.56169615,-99.09085979
MATERIALES EL FRANCES,19.50464619,-99.02287357
MATERIALES EL JAROCHO,19.5452299,-99.02191847
MATERIALES EL PROGRESO,19.77141903,-99.00130562
MATERIALES EL TIGRE.,19.61048897,-99.06560904
MATERIALES ESCORPION,19.59401284,-98.99971343
MATERIALES ESPIOZA,19.49839931,-99.03430538
MATERIALES FLORES,19.54450172,-99.02238964
MATERIALES FONSECA,19.64398406,-98.98850442
MATERIALES FRONTERA,19.50191597,-99.07037258
MATERIALES GABO,19.56292294,-99.02225173
MATERIALES GARCIA,19.62172056,-99.03708026
MATERIALES GARCIA,19.53943789,-99.0413019
MATERIALES GONZALEZ,19.54443948,-99.07910346
MATERIALES GUADIANA,19.49444904,-99.02431043
MATERIALES GUZMAN,19.51733703,-99.01549651
MATERIALES JARDINES,19.54469839,-99.04188065
MATERIALES JIREH,19.66482405,-99.00895677
MATERIALES JUSTO,19.52544516,-99.03843415
MATERIALES KIRIZ,19.50521248,-99.01799486
MATERIALES LA HORMIGUITA,19.63347189,-99.00855025
MATERIALES LA IDEAL,19.52138995,-99.02030338
MATERIALES LA POPULAR,19.52401514,-99.0533
MATERIALES LA ROCA,19.68541063,-98.95895222
MATERIALES LALOS,19.63065786,-99.05849212
MATERIALES LATORRE,19.5638663,-99.09026514
MATERIALES LOPEZ,19.59978722,-99.06286882
MATERIALES LOS CARRIZOS,19.614217,-99.04689073
MATERIALES LUGO,19.76656178,-98.97070055
MATERIALES MARTINEZ,19.61720599,-98.99920357
MATERIALES MENDOZA,19.55433648,-99.06970316
MATERIALES MENDOZA,19.53848223,-99.07863377
MATERIALES MONTUFAR,19.6178179,-99.04930512
MATERIALES MORELOS,19.63583615,-99.07115655
MATERIALES NACHITO,19.56152606,-99.01579185
MATERIALES OLVERA,19.56693749,-99.03265667
MATERIALES PARA CONSTRCCION GUSTAVO,19.60307355,-99.05682037
MATERIALES PARA CONSTRUCCION,19.50512064,-99.05328644
MATERIALES PARA CONSTRUCCION,19.64332527,-99.07161412
MATERIALES PARA CONSTRUCCI흁,19.54743786,-99.03075887
MATERIALES PARA CONSTRUCCION,19.51823031,-99.02422895
MATERIALES PARA CONSTRUCCION,19.49551643,-99.02699938
MATERIALES PARA CONSTRUCCION  VILLANUEVA,19.64005645,-99.00203607
MATERIALES PARA CONSTRUCCION CARRANCO,19.50925929,-99.07755559
MATERIALES PARA CONSTRUCCION CASA GARCIA,19.51441925,-99.05176252
MATERIALES PARA CONSTRUCCION CASA GOMEZ,19.5142385,-99.0652263
MATERIALES PARA CONSTRUCCION CHIAPAS,19.53532701,-99.04595634
MATERIALES PARA CONSTRUCCION CORREA,19.49323859,-99.03399451
MATERIALES PARA CONSTRUCCION DICA,19.63349598,-99.05692823
MATERIALES PARA CONSTRUCCION EL ZAUS,19.63157977,-99.05278761
MATERIALES PARA CONSTRUCCION GABY,19.52146174,-99.02134542
MATERIALES PARA CONSTRUCCION HUGO,19.51433447,-99.04529763
MATERIALES PARA CONSTRUCCION LA VIA,19.63299855,-99.02645609
MATERIALES PARA CONSTRUCCION LARIOS,19.55977053,-99.02100176
MATERIALES PARA CONSTRUCCION LOS GUEROS,19.5210506,-99.01672884
MATERIALES PARA CONSTRUCCI흁 LUNA,19.54112081,-99.0640179
MATERIALES PARA CONSTRUCCION OSO PARDO,19.52524561,-99.01913338
MATERIALES PARA CONSTRUCCION RECURSOS,19.63128286,-99.05260907
MATERIALES PARA CONSTRUCCI흁 ROCHA,19.5371527,-99.04542775
MATERIALES PARA CONSTRUCCION RODRIGUEZ,19.68311074,-98.96970885
MATERIALES PARA CONSTRUCCION SAN LUIS,19.49446037,-99.04468367
MATERIALES PARA CONSTRUCCION TORRES II,19.63594075,-99.05880677
MATERIALES PARA CONSTRUCCION VAZQUEZ,19.62834332,-99.01083794
MATERIALES PARA CONSTRUCCION ZAMORA,19.57020194,-99.02377648
MATERIALES PARA CONSTRUCIION LUPITA,19.52162042,-99.02134599
MATERIALES PARA CONSTRUCI흁 R1,19.53691856,-99.04375981
MATERIALES PARA CONTRUCCION SIN NOMBRE,19.56128767,-99.02131384
MATERIALES PARA LA CONSTRUCCION,19.57595727,-99.05346315
MATERIALES PARA LA CONSTRUCCION EL AGUILA,19.61381776,-99.05917159
MATERIALES PARA LA CONSTRUCCI흁 ELOY,19.59022965,-99.04253013
MATERIALES PARA LA CONSTRUCCI흁 HIDALGO,19.51134475,-99.05124451
MATERIALES PARA LA CONSTRUCCION SIN NOMBRE,19.5649472,-99.0197468
MATERIALES PARA LA CONSTRUCCION ZARAGOZA,19.69843206,-98.96548103
MATERIALES PARA LA CONSTRUCION SIN NOMBRE,19.5156942,-99.07207532
MATERIALES PLAYAS,19.60214255,-99.00141207
MATERIALES PLAZA ARAGON SA,19.52226677,-99.03342073
MATERIALES RICHARD,19.63839763,-99.06330687
MATERIALES SAMY,19.52939803,-99.01736463
MATERIALES SAN MATEO,19.67670671,-98.96760044
MATERIALES SAN MIGUEL,19.53318721,-99.05421803
MATERIALES SAN PEDRO,19.53738607,-99.08274235
MATERIALES SICARTSA,19.61302792,-99.05180981
MATERIALES SONORA,19.56522975,-99.02856122
MATERIALES TEOCALLIS,19.53913017,-99.01634901
MATERIALES TOLUCA,19.62288022,-99.04745659
MATERIALES VAZQUEZ,19.50053244,-99.05862678
MATERIALES VILLA DE GUADALUPE EL SURTIDOR,19.52003074,-99.05986735
MATERIALES ZAURY,19.58719765,-99.00447529
MATETIALES ESPINOZA,19.60679591,-98.99090059
MAYORISTA EN ACEROS Y CEMENTOS,19.68444794,-98.99172429
PATRIMONIO HOY,19.59776787,-99.05126864
PLAFONES E INSTALACIONES,19.52939302,-99.04853888
PLAFORAMA DF - ECATEPEC,19.57706873,-99.04224932
PLAFORAMA DF ARAGON,19.49623572,-99.04395726
PLOBANOS METROPOLITANOS,19.52174791,-99.08616446
PROVEDORA MEXICANA DE MATERIALES,19.52181778,-99.08321789
PROVEEDORA DE LA CONSTRUCCION OSO,19.49880752,-99.04564948
RECUBRIMIENTOS Y ACABADOS SIN NOMBRE,19.60526637,-99.01260972
RECUBRIMINTOS MARCUZA,19.6059695,-99.01207552
REFRACTARIOS Y AISLAMIENTOS TERMICOS INDUSTRIALES,19.52914174,-99.05681086
SURTIDOR DE MATERIALES,19.51458793,-99.05321552
TABIQUES Y MATERIALES SANTA CRUZ,19.52564419,-99.03558409
TENDENZZA,19.52184029,-99.08900122
TIRADERO ELENA ARENA TEPETATE GRAVA ETC,19.76837599,-98.99296548
TLAPALERIA,19.49858717,-99.03021263
TLAPALERIA CRUZ VER,19.61056512,-98.99652891
TLAPALERIA DON TO헲,19.63923097,-99.07120728
TLAPALERIA EL CLAVITO,19.6014053,-99.02386845
TLAPALERIA FRAGOSO,19.56565943,-99.04975112
TLAPALERIA LETY,19.6244259,-98.99134384
TLAPALERIA MEXICO,19.55460426,-99.08325771
TLAPALERIA SANTA FE,19.5945887,-99.00634711
TLAPALERIA SERVI LUIS,19.61140779,-99.01648902
TLAPALERIA TORRES,19.6029964,-98.98914848
TLAPALERIA VAZQUEZ,19.50336736,-99.0628794
TLAPALERIA Y HERRAMIENTAS ROLO,19.61329182,-98.99820954
TLAPALERIA Y MATERIALES PARA CONSTRUCCION,19.59185769,-99.0284364
TLAPALERIA Y MATERIALES PARA CONSTRUCCION LOS HEROES,19.61568499,-99.02049911
TLAPALERIA Y MATERIALES PARA LA CONSTRUCCION ANGEL,19.55386595,-99.07404757
TLAPALERIA Y MATERIALES PARA LA CONSTRUCCION GRANITO DE ARENA,19.59123814,-99.03831515
TLAPALERIA Y MATERIALES ROCHA,19.55504122,-99.0706818
TLAPALERIA Y VENTA DE MATERIALES PARA CONSTRUCION ACUARIO,19.63086923,-99.01228884
TLAPALERIA YOLI,19.49613664,-99.035073
TORNILLOS ELEMENTOS,19.6024473,-98.99087443
TORNILLOS JAJASA,19.61315582,-99.01013233
TRABAJOS DE TERRAZO Y GRANITO,19.50858112,-99.07048293
TRASPORTES RIVERA,19.61655718,-99.05488077
UNIVERSAL TORNILLOS,19.53018693,-99.07618817
VENTA DE MATERIALES DE CONSTRUCCION,19.55419878,-99.06146762
VENTA DE MATERIALES PARA CONSTRUCCI흁 EL SANTUARIO,19.5665206,-99.05434779
VENTA DE MATERIALES PARA LA CONSTRUCCION MARTINEZ,19.53445797,-99.08137979
VENTA DE MATERIALES PETREO Y OTROS,19.53722677,-99.0431656
VENTA DE TABLAROCA,19.63687346,-99.0561057
VENTA Y RENTA DE CIMBRA,19.54201216,-99.03856254
ZAYRON MATERIALES PARA CONSTRUCCION,19.50709306,-99.0358393
208 Ecatepec Llano de la Torre,19.53335541,-99.06755422
210 Tecamac Llano de la Torre,19.71085213,-98.9752092
214 Av Central Llano de la Torre,19.50833212,-99.03956243
AAPLORE,19.62345103,-99.04780735
AB DISE헲 Y CONSTRUCCION S.A. DE C.V.,19.49427087,-99.04045936
ACCESORIOS DE PLOMERIA,19.60403529,-99.0543863
ACEROS AMERICA,19.52809279,-99.05296323
ACEROS Y CEMENTOS MORELOS,19.59543711,-99.00375527
ACEROS Y PERFILES ANGULOS Y SOLERAS,19.60996522,-98.99616354
ACEROS Y PERFILES GARCIA,19.53755821,-99.04603939
ACEROS Y PERFILES OGUN,19.58136862,-99.04472902
AGLOMERADOS HIMALAYA,19.63317814,-99.05365766
ALAMBRADOS VICTORIA,19.64610302,-99.06134139
ALFISA PVC,19.61731479,-99.06481957
ALMACEN DE EQUIPOS ELECTRICOS,19.51740854,-99.04844854
AMPI DECORACIONES,19.52373441,-99.0327817
ANILLOS LARA,19.54780571,-99.0736095
ARTICULOS DEL HOGAR,19.71182732,-98.9730001
AVENTA DE TUERCAS,19.54744559,-99.04850819
AZULEMEX,19.59371445,-99.03853611
AZULEMEX,19.65876705,-99.00475347
AZULEMEXECATEPEC 2,19.53492921,-99.06388997
BANDAS Y BALEROS CELORIO,19.66643846,-99.00392027
BH COMERCIALIZADORA DE MATERIAL EL텎TRICO SA DE CV,19.70968649,-98.97590638
BIOPRO,19.51348061,-99.03223935
BIRLOS Y TORNILLOS,19.51566128,-99.06138955
BIRLOS Y TORNILLOS NEPTUNO,19.51967453,-99.04937414
BOBEGA DE MATERIAL DE CONSTRUCCION,19.52544211,-99.06866185
BODEGA,19.52189141,-99.0550235
BODEGA DE CALENTADORES,19.7595864,-98.95042767
BODEGA DE FERRETERIA SANTA CRUZ,19.53163996,-99.01638678
BODEGA DE LA TLAPALERIA DON LUIS,19.51674988,-99.0171606
BODEGA DE LA TLAPALERIA ZAURY,19.58754977,-99.00421948
BODEGA DE MANGUERAS INDUSTRIALES,19.50831524,-99.05663354
BODEGA DE MATERIALES D0N JULIO,19.60190157,-99.00029949
BODEGA DE PVC,19.66435569,-99.00407798
BODEGA DE TINACOS,19.53641063,-99.06819473
BODEGA DE TINACOS,19.5363734,-99.06812403
BODEGA DE TLAPALERIA BETY,19.53065718,-99.03907683
BODEGA DE TLAPALERIA GUZMAN,19.63253021,-98.99132424
BODEGA DE TUBOS Y CONEXIONES,19.66416552,-99.00400253
BODEGA ECATEPEC,19.51225715,-99.02213338
BODEGA ECATEPEC,19.51213923,-99.02183478
BODEGA ECATEPEC MOCTEZUMA,19.6150879,-99.06226478
BODEGA FERRE -ABASTOS,19.61226426,-99.00468908
BODEGA FORTALEZA ECATEPEC,19.50955655,-99.02218811
BODEGA TLAPALERIA IMAN,19.53204469,-99.05180326
BODEGA TLAPALERIA IMAN,19.5321744,-99.05202135
BODEGA TLAPALERIA IMAN,19.53213183,-99.05194977
BODEGA TLAPALERIA MEDINA REYES,19.67958092,-99.01581968
C.N. INGENIERIA INDUSTRIAL,19.53367973,-99.06759074
CALENTADORES SOLARES,19.52077139,-99.03304458
CALENTADORES SOLARES,19.60826009,-99.01117089
CALENTADORES SOLARES,19.51318434,-99.03146034
CALENTADORES SOLARES 2008,19.49397474,-99.04490032
CALENTADORES SOLARES ECOLOGICOS,19.5331681,-99.06970742
CALENTADORES SOLARES HIDASOL,19.60250776,-99.05662854
CALENTADORES SOLARES SOPRAY,19.58550462,-99.009766
CASA CHAVEZ,19.57603498,-99.04533065
CASA CRAVIOTO,19.57015462,-99.05169937
CASA DE LOS TORNILLOS,19.59944866,-99.0354808
CASA DE MATERIALES CORTES,19.66062614,-98.9909156
CASA DE MATERIALES LUMAR,19.75925575,-98.96922309
CASA DE MATERIALES PARA CONSTRUCCION ZACATECAS,19.62908111,-99.00657771
CASA DE MATERIALES SIN NOMBRE,19.62083187,-99.05597781
CASA DE TORNILLOS,19.51058373,-99.066572
CASA DE TORNILLOS AZTECA,19.53315856,-99.01685894
CASA DEL PLOMERO,19.62100588,-99.0547518
CASA DEL PLOMERO,19.60231583,-98.99529765
CASA DEL TORNILLO,19.55189676,-99.07662866
CASA DEL TORNILLO,19.62143153,-99.00191707
CASA FERNANDEZ,19.60780703,-99.01147995
CASA GARCIA,19.52496128,-99.02405924
CASA GUTIERREZ,19.59436863,-99.03787734
CASA GUTIERREZ,19.55368586,-99.07320971
CASA LEON,19.59385437,-98.99918207
CASA MARTINES,19.64625124,-98.99976019
CASA TEJEDA,19.51626336,-99.05231478
CASA VAZQUEZ,19.60780956,-99.01278282
CASMAR FERRETERIAS,19.63442105,-98.98924534
CEMENTERA 5 ESTRELLAS,19.55406927,-99.07847767
CEMENTERA GALDIER,19.64178472,-99.05893818
CEMENTOS ECATEPEC,19.6461931,-99.06139933
CENTRAL DE TORNILLOS,19.56753931,-99.04714037
CENTRO DE DISTRIBUCION CEMENTO MONTEZUMA,19.64596302,-99.06127447
CENTRO LAMINERO CENTER LAM,19.6320695,-99.05317476
CENTRO TORNILLERO Y HULERO,19.54780212,-99.04364568
CENTRO TORNILLERO Y HULERO MYM,19.66871852,-99.00373894
CERRAJERIA CELESTINO,19.52713547,-99.03621984
CHANTAL,19.56583476,-99.04758488
COMERCIAL DE SUJECCIONES BIRLOS Y RODAJAS,19.61715448,-99.06456129
COMERCIALIZADORA DE TORNILLOS,19.57587467,-99.03726774
COMERCIALIZADORA ELECTRICA TEXCOCO SA DE CV,19.61289959,-99.05049075
COMERCIALIZADORA FERRETERA,19.61721047,-99.06465148
COMERCIALIZADORA HEYCA,19.54562003,-99.0413245
COMERCIALIZADORA MU헲Z,19.61635358,-99.04500277
COMERCIALIZADORA OSMI,19.54480083,-99.044595
COMERCIALIZADORA PANTOJA RODRIGUEZ,19.50791252,-99.03791832
COMERCIALIZADORA Y HERRAJES LIEBANO,19.50952106,-99.06434268
COMERCIO AL POR MENOR EN FERRETER페S Y TLAPALER페S,19.54709473,-99.02963861
COMERCIO AL POR MENOR EN FERRETER페S Y TLAPALER페S,19.68061592,-98.96645218
COMERCIO AL POR MENOR EN FERRETER페S Y TLAPALER페S,19.54246896,-99.07546822
COMERCIO AL POR MENOR EN FERRETER페S Y TLAPALER페S,19.67738788,-98.9951884
CONECTIHOGAR,19.61789016,-99.00310333
CONSTRUCCIONES METALICAS IPAILERIA GARCAR SA DE CV,19.67072969,-99.00299838
COVAPLA,19.53799549,-99.02661913
CREMERIA ALEXIS,19.57300859,-99.07052658
CUATRO HERMANOS,19.54407957,-99.04593729
DCOREN,19.66543291,-99.00397979
DE TODO TLAPALERIA,19.64659885,-98.98933848
DIREGAS,19.52000172,-99.0852666
DISTIBUIDORA DE TORNILLOS MAURICK,19.51061489,-99.02405788
DISTRIBUIDORA DE FORJAS EL VIAJANTE,19.70994788,-98.97578096
DISTRIBUIDORA DE GAS Y TUBERIA,19.54424601,-99.03961831
DISTRIBUIDORA DE HERRAMIENTAS BRIKA,19.61195113,-99.0441148
DISTRIBUIDORA DE HERRAMIENTAS ELECTRICAS ECATEPEC,19.63545418,-99.07465062
DISTRIBUIDORA DE HERRAMIENTAS TRUPER,19.62815573,-99.00254431
DISTRIBUIDORA DE TORNILLOS SIN NOMBRE,19.62801419,-99.00256867
DISTRIBUIDORA FERRETERA REYES HERMANOS,19.65325553,-99.06581399
DISTRIBUIDORA GES ALBORADA,19.51324271,-99.03160997
EL HOMBRE HERRAMIENTA,19.77365175,-98.98124534
EL HOMBRE HERRAMIENTA,19.7736904,-98.98100681
EL SURTIDOR,19.54779339,-99.0488369
EL SURTIDOR TORNILLOS Y TLAPALERIA,19.5675322,-99.06117942
ELECTRICA ACUARIO,19.56457014,-99.05113816
ELECTRICA CUAUHTEMOC,19.64541695,-98.9879935
ELECTRICA DEL NORTE,19.67555711,-99.03153812
ELECTRICA E ILIMINACION LA ECONOMICA,19.68246105,-98.99406675
ELECTRICA HERNANDEZ,19.54044055,-99.03958405
ELECTRICA LUCIERNAGA,19.50368105,-99.05010902
ELECTRICA MEGA,19.71351167,-98.97390097
EL텎TRICA MONARCA,19.5980627,-99.04227706
ELECTRICA PACO,19.49099072,-99.03062753
ELECTRICA PACO,19.57593579,-99.04416354
ELECTRICA RIOS VENTA DE MATERIAL PARA INSTALACIONES ELECTRICAS,19.66917517,-99.00543885
ELECTRICA SAN PEDRO SAYER LACK,19.54256361,-99.07492686
ELECTRICA SANTANA,19.56347622,-99.05846431
ELECTRICA TESLA,19.52077139,-99.03304458
ELECTRICA UNIVERSAL,19.54773711,-99.04387419
ELECTRICIDAD PLOMERIA E ILUMINACION SIN NOMBRE,19.67999753,-98.96538343
ELECTRICO Y PLOMERIA VARGAS,19.50252014,-99.03942681
ELECTRO DISTRIBUIDORA BARRON SA DE CV,19.6731152,-99.02968994
ELECTR흁ICA ZAPATA,19.63797433,-99.05979091
ELECTRORECURSOS,19.62101634,-99.04633272
EQUIPO ELECTRICO INDUSTRIAL,19.52034047,-99.08441731
EQUIPOS DE COCINA BEKER,19.61304088,-99.04899029
EQUIPOS Y SOLDADURAS DEL VALLE,19.52783906,-99.05191923
ESTACIONARIOS PAFRAN,19.5332178,-99.06942368
FAMA ACABADOS,19.57486899,-99.04290928
FERRAMEX,19.58868732,-99.03917526
FERRE ALCA,19.60737665,-99.05489182
FERRE BRANDOM,19.60034785,-99.05831172
FERRE ELECTRICA XALA,19.54427036,-99.03934975
FERRE ELECTRICO EL CISNE,19.55284536,-99.08958238
FERRE ELECTRONICA,19.56504863,-99.05883077
FERRE HERRAJES SOTO,19.63039139,-99.05206822
FERRE HOME,19.77328148,-98.9816831
FERRE MARTINEZ,19.7655806,-98.96830455
FERRE MARY,19.52796334,-99.05068545
FERRE MATERIALES LA ESTRELLA,19.59829141,-99.0430407
FERRE OFERTAS,19.5389537,-99.07573139
FERRE POLO,19.49197822,-99.03087473
FERRE SAN PEDRO,19.75559907,-98.95981933
FERRE TLAPALERIA,19.56603651,-99.05873217
FERRE TLAPALERIA EL CISNE,19.5649028,-99.0870766
FERRE TLAPALERIA LA UNION,19.63519748,-99.05503142
FERRE TU,19.62601168,-98.99503053
FERRE VALDEZ,19.55293555,-99.07739609
FERRE XALOSTOC,19.53159529,-99.07008018
FERREACEROS DIZA,19.59339983,-99.04419395
FERREACEROS Y CEMENTOS DIMAC,19.50330763,-99.06230802
FERREBERNAL,19.55845407,-99.03110517
FERRECAR,19.647889,-98.99087052
FERRECRUZ,19.61842756,-99.05293509
FERREDETO2,19.60182282,-98.99129231
FERREELECTRICA GONZALEZ,19.58503078,-99.01024185
FERREGAS RECURSOS,19.63380612,-99.05418443
FERRELECTRICA ALVE,19.67758811,-98.99932133
FERRELECTRICA Y TLAPALERIA ANTARES,19.60865756,-99.05731548
FERREMAR,19.60195153,-99.00961165
FERREMAR,19.61434481,-99.00663972
FERREMARRIOS,19.4910299,-99.03119637
FERREMATERIALES,19.52036777,-99.04210232
FERRENAVA,19.59715108,-99.00709155
FERRENIPLE DEL CENTRO,19.54270691,-99.02532384
FERREPLOMERIA,19.6098988,-99.05841798
FERREPLOMERIA EL PROGRESO,19.63152903,-99.07194034
FERREPRECIOS OZUMBILLA,19.68095653,-98.99559604
FERRETERA LA PULGA,19.61787215,-99.00222134
FERRETERIA,19.59860229,-98.9937068
FERRETERIA,19.59736632,-98.99204094
FERRETERIA,19.54650444,-99.03986115
FERRETERIA,19.5443165,-99.08310219
FERRETERIA,19.62501882,-98.98906387
FERRETERIA,19.62571552,-98.99437357
FERRETERIA,19.62218515,-99.03359649
FERRETERIA ABASTOS RIOS,19.61092363,-99.00941262
FERRETERIA ACERO,19.5245473,-99.03242748
FERRETERIA AGREGADOS Y MATERIALES DEL NORTE,19.57362734,-99.03835719
FERRETERIA AGRICULTURA,19.60409854,-99.04896555
FERRETERIA AITANA,19.68695943,-98.97257048
FERRETERIA ALEJANDRA,19.60233051,-98.99891165
FERRETERIA ALVIR,19.60930741,-99.00981813
FERRETERIA CARRILLO,19.53829856,-99.08558564
FERRETERIA CASA MARTINEZ,19.54892868,-99.04501686
FERRETERIA CASA PEREZ,19.66960063,-99.02120635
FERRETERIA CEMELS,19.59451088,-99.03494804
FERRETERIA CEMELS,19.59408301,-99.03527572
FERRETERIA CENTRAL,19.55382538,-99.0187743
FERRETERIA CHAVEZ,19.4944733,-99.03871676
FERRETERIA CHIAPAS,19.5746522,-99.05720604
FERRETERIA CHOPOS,19.61913837,-99.05317203
FERRETER페 COMAFE,19.5410132,-99.04157268
FERRETERIA CRUSOL,19.77243752,-98.98088417
FERRETERIA CUAUHTEMOC,19.64258288,-98.98729842
FERRETERIA CUAUHTEMOC,19.6451233,-98.98775485
FERRETERIA DAKENNY,19.74352769,-98.95320304
FERRETERIA DEL CENTO,19.59793429,-99.04240136
FERRETERIA DEL VALLE,19.51456466,-99.05867868
FERRETERIA DEL VALLE,19.51595194,-99.05794474
FERRETERIA DON ABEL,19.50741945,-99.02313803
FERRETERIA DON QUIQUE,19.67784197,-98.96080617
FERRETERIA ECLIPSE,19.56484353,-99.05887406
FERRETERIA EL FENIX,19.60780703,-99.01147995
FERRETERIA EL GATO,19.62384657,-99.03842213
FERRETERIA EL GRA JEFE,19.52526587,-99.03211039
FERRETERIA EL PATRON,19.61009982,-99.07435576
FERRETERIA EL PUMA,19.71126267,-98.96671611
FERRETERIA EL REMACHE,19.5044983,-99.05171814
FERRETERIA EL REMACHE,19.51975123,-99.02847884
FERRETERIA ESMERALDA,19.52049093,-99.03035737
FERRETERIA FERREALIN,19.58247434,-99.04961286
FERRETERIA FERRENORTE,19.53015712,-99.05113694
FERRETERIA FERRESHOP,19.63599944,-99.026559
FERRETERIA FERRESHOP SAN CARLOS,19.57870531,-99.04718537
FERRETERIA FEYCO ACOZAC,19.77147062,-98.97945278
FERRETERIA FIX,19.60287868,-99.0573277
FERRETERIA FLOGAR,19.63771556,-99.04219215
FERRETERIA GAMA,19.5871481,-98.99957995
FERRETERIA GEMA,19.59483495,-99.00162988
FERRETERIA GENESIS,19.67445923,-98.96311845
FERRETERIA GONZALEZ,19.52681489,-99.03571527
FERRETERIA GONZALEZ,19.57184933,-99.07044913
FERRETERIA HEROES,19.54284832,-99.04908527
FERRETERIA HUGUIN,19.67621941,-99.02617149
FERRETER페 INDUSTRIAL,19.57914057,-99.0271801
FERRETERIA JOSE LUIS,19.6123229,-99.04874979
FERRETERIA LA CHIQUITA,19.59749312,-98.99390581
FERRETERIA LA FORTALEZA,19.61098679,-99.01178292
FERRETERIA LA HIGUERA,19.56064188,-99.0477283
FERRETERIA LA MAQUINA,19.68705942,-98.96655614
FERRETERIA LA TOSCANA,19.49213342,-99.03183062
FERRETERIA LA UNION,19.6942162,-98.9781757
FERRETERIA LA UNION,19.55493773,-99.07204452
FERRETERIA LA UNION,19.57563011,-99.04281978
FERRETERIA LAS GEMELAS,19.54894646,-99.08059541
FERRETERIA LH,19.55437807,-99.02762556
FERRETERIA LOS ANGELES,19.62690758,-99.03333123
FERRETERIA LUIS,19.67087786,-99.00381711
FERRETER페 LUPITA,19.59736491,-98.99203861
FERRETERIA MAPLOGAS,19.60510951,-99.01439641
FERRETERIA MAYAS,19.57549559,-99.04169875
FERRETERIA MELMAR,19.59093343,-99.00810836
FERRETERIA MENDOZA,19.49168311,-99.0436927
FERRETERIA MUEBLES Y SANITARIOS,19.55463911,-99.06462846
FERRETERIA MULLER,19.63381781,-99.00874688
FERRETERIA NORMA,19.56466794,-99.08689579
FERRETERIA OMWARN,19.6708655,-99.02332785
FERRETERIA ORMES,19.50017942,-99.05094103
FERRETERIA OZUMBILLA,19.63199033,-99.03017181
FERRETERIA POLIDIAMAN,19.49103606,-99.03952124
FERRETERIA PROVENZAL,19.69322675,-99.00764074
FERRETERIA R1,19.52895855,-99.05056654
FERRETERIA RECURSOS,19.64669539,-99.06176434
FERRETERIA RESENDIZ,19.57186928,-99.06000188
FERRETERIA ROMART,19.70887059,-98.97617422
FERRETERIA RUPLOP,19.60139888,-99.04059156
FERRETERIA SALOMON,19.64044767,-99.00028956
FERRETERIA SAN AGUSTIN,19.61256683,-99.06440074
FERRETERIA SANTA CRUZ,19.53163996,-99.01638678
FERRETER페 SANTANDER,19.515575,-99.08697203
FERRETERIA SANTO DOMINGO,19.68840543,-98.97527516
FERRETERIA SHOPPER 3T,19.76801834,-98.97421538
FERRETERIA SIN NOMBRE,19.548624,-99.05063676
FERRETERIA SN,19.6901517,-98.97937428
FERRETERIA SOAL,19.60935986,-99.01043861
FERRETERIA SOBERANES,19.56828982,-99.09186105
FERRETERIA SOLMENT,19.59785755,-98.99394574
FERRETERIA TAPPSA,19.52077139,-99.03304458
FERRETERIA TAURO,19.65816092,-99.00068575
FERRETERIA TLAPALERIA Y JARCIERIA,19.4944733,-99.03871676
FERRETERIA TODO PARA EL PLOMERO,19.62903237,-99.03810653
FERRETERIA TRUPER ELECTRIKA EKA,19.62184241,-98.98842432
FERRETERIA URBI,19.66332417,-99.03747743
FERRETERIA VENTURA,19.71315087,-98.97081101
FERRETERIA Y ARTICULOS PARA EL HOGAR,19.5758647,-99.06416883
FERRETERIA Y CONEXIONES LOS ALPES,19.67905841,-99.03682508
FERRETERIA Y HERRAJES HALCON,19.52391049,-99.02026572
FERRETERIA Y HERRAJES LA NUEVA,19.50909813,-99.02221721
FERRETERIA Y MATERIALES PALMER,19.53384455,-99.06719755
FERRETERIA Y MATERIALES SANCHEZ,19.55867715,-99.06892369
FERRETERIA Y PLOMERIA CARLOS,19.63924139,-99.07068393
FERRETERIA Y PLOMERIA CASA GOMEZ,19.50596952,-99.05541498
FERRETERIA Y PLOMERIA FLOGAR,19.63776664,-99.04272509
FERRETER페 Y TLAPALER페,19.5069397,-99.057399
FERRETERIA Y TLAPALERIA,19.55077596,-99.07565682
FERRETERIA Y TLAPALERIA COVA,19.49441071,-99.04470583
FERRETERIA Y TLAPALERIA GONZALEZ,19.52037796,-99.02899044
FERRETERIA Y TLAPALERIA KEVIN,19.53039308,-99.04484024
FERRETERIA Y TLAPALERIA LA CURVA,19.56678493,-99.08873576
FERRETERIA Y TLAPALERIA LA LUPITA,19.61329311,-99.06337184
FERRETER페 Y TLAPALERIA MEDINA REYES,19.67965762,-99.01586854
FERRETERIA Y TLAPALERIA MEJIA,19.57636579,-99.06329738
FERRETERIA Y TLAPALERIA PINEDA,19.77387205,-98.99969241
FERRETERIA Y TLAPALERIA SAN BENAMIN,19.60794658,-99.04314076
FERRETERIA Y TLAPALERIA TULPETLAC,19.57280892,-99.05361999
FERRETERIA Y TLAPALERIA URBINA,19.58858199,-99.01724769
FERRETERIA Y TLAPALERIA VERGEL,19.51339117,-99.03105422
FERRETERIA Y TORNILLERIA SIN NOMBRE,19.59111097,-99.02438051
FERRETERIA ZAMORA,19.68124785,-99.01199584
FERRETERIAS FIX,19.62123396,-99.0042295
FERRETERWOGT,19.63576596,-99.07452384
FERRETIP INOVA SA DE CV,19.68709089,-98.98978924
FERRETODO,19.55711334,-99.04917783
FERRETORNILLOS VALLE,19.50700731,-99.05756966
FERREXALOSTOC,19.53169423,-99.07342432
FERROELECTRICA HEROES,19.62591544,-99.03284707
FIX CHICONAUTLA,19.61787406,-98.99574856
FIX ECATEPEC,19.52924931,-99.05771785
GAMA DISTRIBUIDORA,19.59878303,-98.9979471
GAS INDUSTRIAL Y EQUIPO DE CORTE,19.50040103,-99.05098238
GERSA 134 recursos hidraulicos,19.63659834,-99.00230668
GRUPO DISTRIBUIDOR FERRETERO S.A. DE C.V.,19.49217618,-99.03672275
GRUPO FERRETERO ECATEPEC,19.50442163,-99.05107999
GRUPO PROLACO SA DE CV,19.57175196,-99.04291303
H & H MATERIALES PARA CONSTRUCCION,19.76791203,-98.97390279
H. R. IMPER,19.52952786,-99.07533906
HERGAR,19.71421023,-98.97357702
HERRAJES,19.53613734,-99.07132305
HERRAJES CAMACHO,19.60932452,-99.01941228
HERRAJES GUADIANA.,19.50244856,-99.04481879
HERRAJES HALCON,19.52015873,-99.05914718
HERRAJES JUHONDY,19.59694082,-98.99481792
HERRAJES LIBRA,19.53503094,-99.02793251
HERRAJES LIBRA,19.599722,-99.01047523
HERRAJES LOMA BONITA,19.66729828,-99.00416223
HERRAJES LOS BABUINOS,19.69231096,-98.9752166
HERRAJES MARTHE,19.55598865,-99.02516697
HERRAJES RUBEN,19.60627485,-98.99109971
HERRAJES Y BARNICES DE TECAMAC,19.7126654,-98.96664839
HERRAJES ZERME헲,19.61342067,-99.04749475
HERRAMIENTA Y SERVICIO DE TECAMAC,19.71102278,-98.97526519
HERRAMIENTAS AMBAR,19.53122198,-99.07148687
HERRAMIENTAS BERTADILLO,19.61334401,-99.04569383
HERRAMIENTAS DANIEL S,19.5687581,-99.04959107
HERRAMIENTAS DEL CARMEN,19.59028081,-99.0274694
HERRAMIENTAS GONZAS TOOLS,19.52367426,-99.06725055
HERRAMIENTAS LA SURTIDORA PATY,19.62296934,-99.07356118
HERRAMIENTAS PARA TORNO,19.53317323,-99.06967811
HERRAMIENTAS PE헤,19.61333782,-99.04841876
HERRAMIENTAS SAN FERMIN,19.61874483,-99.00409658
HOME DEPOT SUC. 8637 ECATEPEC,19.58087276,-99.04172488
HOME DEPOT SUC. 8645 TECAMAC,19.69870538,-98.9810701
HOME DEPOT SUC. 8647 ARAGON,19.53035298,-99.02892089
HOME SHEARLING,19.67737325,-99.02273543
HT TRUPPER,19.54449888,-99.03992842
HT&H TRUPER,19.54839516,-99.07347331
ILUMINACION ARAGON,19.5022749,-99.03878759
ILUMINACION ARAGON,19.50233224,-99.03893704
ILUMINACION LOPEZ,19.53716564,-99.03590333
ILUMINACION Y EQUIPO ELECTRICO SANDOVAL,19.6338497,-99.00207174
INDUSTRIAL TORNILLERA,19.60253769,-99.05081176
INSTALACIONES VARGAS,19.63862949,-99.06585339
JARCERIA,19.50146691,-99.04892256
JARCERIA,19.50141755,-99.04879298
JARCERIA NOEMI,19.67972717,-99.0017572
JARCIERIA TLAPALERIA Y PLOMERIA TAFOYA,19.53938298,-99.03756125
JARCIERIA TRAPITOS,19.68899376,-98.98106996
JIGONZA TLAPALERA Y PLOMERIA,19.61345075,-99.04717106
JM MOLDURAS,19.60974739,-99.05674949
KNOVA,19.57702685,-99.04130202
LA CASA DE LOS TORNILLOS,19.54392007,-99.0393547
LA CASA DE MULTICOSAS,19.63932175,-99.01138787
LA CASA DEL TORNILLO,19.52039834,-99.01701078
LA CASA DEL TORNILLO,19.64430372,-99.06077889
LA CASA DEL TORNILLO,19.53624235,-99.04403455
LA CASA DEL TORNILLO 2,19.52824494,-99.05121747
LA CASA DEL TORTILLO,19.63976809,-99.05648093
LA GARLOPA,19.63903585,-99.06860317
LA NUEVA CENTRAL FERRETERIA,19.69181878,-98.98212932
LA POTOSINA PLASTICOS Y JARCERIA,19.67194805,-99.0032319
LAMINAS Y PLOMERIA HIDALGO,19.61579228,-99.06238405
LGR TORNILLERA,19.57514545,-99.04287677
LOS MAESTROS PAPELERIA TLAPALERIA FERRETERIA,19.62601651,-99.03128008
MANGUERAS ERSA,19.6143645,-99.04830602
MANGUERAS Y CONEXIONES,19.66466268,-99.00405431
MANGUERAS Y CONEXIONES LA ESMERALDA,19.65293738,-99.00488585
MANGUERAS Y CONEXIONES MARTINEZ,19.77330088,-98.97319264
MANUFACTURAS INDUSTRIALES RZ,19.53207566,-99.07340705
MAT. DE CONSTRUCCI흁 CONSTRU EXPRESS,19.62730241,-99.03338705
MATERIAL DE CONSTRUCCION MANJARREZ,19.51413917,-99.01763912
MATERIAL DE PLOMERIA,19.77386687,-98.98126887
MATERIAL DE PLOMERIA PEQUE MATA,19.50435002,-99.03614951
MATERIAL DE PLOMERIA Y ELECTRICIDAD ATIZAPAN,19.50969716,-99.08752413
MATERIAL ELECTRICO,19.56936952,-99.06058689
MATERIAL ELECTRICO,19.50976921,-99.01599651
MATERIAL ELECTRICO EDGAR BAEZ,19.52877955,-99.04041781
MATERIAL ELECTRICO JARDINES DE MORELOS,19.59753273,-98.99442023
MATERIAL ELECTRICO LA UNICA,19.55994632,-99.08330912
MATERIAL EL텎TRICO LA UNI흁,19.53699982,-99.01892718
MATERIAL ELECTRICO QUEZADA,19.52388204,-99.04058165
MATERIAL ELECTRICO RIVERA,19.6277329,-99.06199278
MATERIAL ELECTRICO SBL,19.61654752,-99.05563495
MATERIAL ELECTRICO SIN NOMBRE,19.53677071,-99.04444802
MATERIAL ELECTRICO SIN NOMBRE,19.60329221,-98.986453
MATERIAL ELECTRICO Y DE PLOMERIA AVES,19.62950097,-99.05302842
MATERIAL ELECTRICO Y DE PLOMERIA SIN NOMBRE,19.63863136,-98.99738928
MATERIAL ELECTRICO Y TLAPALERIA EL CHINO,19.51173617,-99.05219023
MATERIAL PARA CARPINTER0 TODO PARA EL CARPINTERO,19.54692791,-99.04328608
MATERIAL PARA CONSTRUCCION,19.5523897,-99.06746252
MATERIAL PARA CONSTRUCCION,19.63835544,-99.04703315
MATERIAL PARA CONSTRUCCION LOS BORDOS,19.56108379,-99.08491571
MATERIAL PARA CONSTRUCCION Y TLAPALERIA LOS REYES,19.77356394,-98.98380027
MATERIAL PROMACO,19.57553435,-99.04283104
MATERIALES ACOSTA,19.64967012,-99.06599786
MATERIALES ALE,19.63019319,-99.04193683
MATERIALES ARIES,19.50825271,-99.01810693
MATERIALES ATIZAPAN,19.57865653,-99.0674184
MATERIALES AZTECA,19.59356862,-99.02499848
MATERIALES BUENDIA,19.67790651,-98.96804446
MATERIALES CARRERA,19.62521815,-98.99219445
MATERIALES CASA BLANCA,19.60262915,-98.99284018
MATERIALES CASA FLORES,19.50925947,-99.06370682
MATERIALES CASA GONZALEZ,19.57437863,-99.07115141
MATERIALES CASA JUREZ,19.62723519,-99.00877884
MATERIALES CASA PEREZ,19.64168337,-98.98439305
MATERIALES CASA RIOS,19.67602619,-98.96624025
MATERIALES CASA R펦S,19.63287672,-99.05935223
MATERIALES CECAR,19.5938075,-98.99820441
MATERIALES CONSTRUCCION VALLE,19.50687707,-99.06952108
MATERIALES DE CONSTRUCCION SONORA,19.52466172,-99.04588017
MATERIALES DE CONSTRUCCION Y TLAPALERIA ARIEL,19.56795676,-99.05078101
MATERIALES DE TLAPALERIA LAS TORRES,19.63472453,-99.03357599
MATERIALES DIAZ,19.62116979,-99.04645683
MATERIALES DIAZ,19.50045579,-99.03216567
MATERIALES DON LUPE,19.61275986,-99.04543265
MATERIALES DON PABLO,19.51981815,-99.04575968
MATERIALES DON ROQUE,19.63807818,-99.06639396
MATERIALES ECATEPEC,19.61409462,-98.99878133
MATERIALES EDGAR,19.6516612,-99.06481998
MATERIALES EL PUENTE,19.55804039,-99.08170933
MATERIALES EL TIGRE 2,19.61449778,-99.07951797
MATERIALES EL VERDUGO,19.49791155,-99.03060278
MATERIALES ELECTRICOS,19.64928835,-99.00646027
MATERIALES HERNANDEZ,19.55548041,-99.02430423
MATERIALES HIDALGO,19.54200477,-99.02489992
MATERIALES HIDALGO,19.68989548,-98.99412447
MATERIALES JIMENEZ,19.63892943,-99.06310561
MATERIALES LA BROCHA,19.52387059,-99.0683933
MATERIALES LA CENTRAL,19.55325504,-99.01891417
MATERIALES LA CRUZ,19.56742483,-99.02845272
MATERIALES LA ESPERANZA,19.63933186,-99.06924546
MATERIALES LA HERRADURA,19.63190532,-99.05703687
MATERIALES LA PANTERA,19.65666238,-99.06794032
MATERIALES LA POPULAR,19.52295718,-99.05375056
MATERIALES MANCILLA,19.56775054,-99.09072824
MATERIALES MENDOZA,19.63792109,-98.98010081
MATERIALES MORENA,19.62242293,-99.00993592
MATERIALES NUEVO ORIZONTE,19.60863267,-99.01092283
MATERIALES ORDO헨Z,19.5886289,-99.045903
MATERIALES ORTEGA,19.6293949,-99.06726766
MATERIALES OZUMBILLA,19.67689042,-99.00003932
MATERIALES PACHECO,19.75302195,-98.95532076
MATERIALES PARA CONSTRUCCI흁,19.55911711,-99.02332531
MATERIALES PARA CONSTRUCCION,19.4985435,-99.05028379
MATERIALES PARA CONSTRUCCION,19.50592551,-99.03931655
MATERIALES PARA CONSTRUCCION,19.63063143,-99.07152061
MATERIALES PARA CONSTRUCCION,19.50314543,-99.04773324
MATERIALES PARA CONSTRUCCION,19.61907461,-99.04653717
MATERIALES PARA CONSTRUCCION DON JULIO,19.60202835,-99.00010084
MATERIALES PARA CONSTRUCCION EL 45,19.77360382,-98.97576308
MATERIALES PARA CONSTRUCCION EL CHINO,19.5454872,-99.02231785
MATERIALES PARA CONSTRUCCION EL GUERO,19.55628958,-99.07606429
MATERIALES PARA CONSTRUCCION ELISEO,19.5377888,-99.03877731
MATERIALES PARA CONSTRUCCION FERMAC,19.77561133,-98.99867493
MATERIALES PARA CONSTRUCCION FUENTES,19.65630456,-99.00757131
MATERIALES PARA CONSTRUCCI흁 LA JOYA,19.62438639,-98.98537536
MATERIALES PARA CONSTRUCCION LA UNION,19.50526732,-99.04885008
MATERIALES PARA CONSTRUCCI흁 LA VICTORIA,19.60702204,-99.01429863
MATERIALES PARA CONSTRUCCION MENDOZA,19.59826824,-99.02768914
MATERIALES PARA CONSTRUCCI흁 SAN JUDAS TADEO,19.62180734,-99.05551403
MATERIALES PARA CONSTRUCCION SAN MIGUEL ARACNGEL,19.55396996,-99.02027412
MATERIALES PARA CONSTRUCCION SANCHEZ,19.77808073,-99.00546248
MATERIALES PARA CONSTRUCCION VALFER,19.63033161,-99.05203203
MATERIALES PARA CONSTRUCCI흁 VIENTO NUEVO,19.60893305,-99.00158696
MATERIALES PARA CONSTRUCCION Y TLAPALERIA HERRERA,19.5524655,-99.07385326
MATERIALES PARA CONSTRUCCION ZAPATA,19.52084617,-99.03908253
MATERIALES PARA LA CONSTRUCCION,19.6003568,-98.99227522
MATERIALES PARA LA CONSTRUCCI흁 CASTELAN,19.52174169,-99.08593257
MATERIALES PARA LA CONSTRUCCION J.R.,19.60103063,-99.01173463
MATERIALES PARA LA CONSTRUCCION LA VIRGEN,19.56472011,-99.06351204
MATERIALES PARA LA CONSTRUCCION Y TLAPALERIA LOS REYES,19.77381958,-98.97630093
MATERIALES PARA LA CONTRUCCION,19.64109674,-99.05830609
MATERIALES PEREZ,19.51505428,-99.01834899
MATERIALES PLOMERIA Y GAS,19.64387287,-98.98826372
MATERIALES PONCE,19.53509748,-99.03199935
MATERIALES PONCE,19.5399064,-99.03635909
MATERIALES RIVERIN,19.68081509,-98.99837352
MATERIALES ROSA DE ORO,19.51432887,-99.058498
MATERIALES ROYER,19.60441689,-98.98771607
MATERIALES SAGITARIO,19.62918932,-99.06692586
MATERIALES SAN JOSE,19.53579965,-99.0337396
MATERIALES SANTIAGO,19.75416697,-98.95752206
MATERIALES SANTIAGO,19.6360261,-99.05992442
MATERIALES SILVA,19.56313871,-99.06574879
MATERIALES SORIA,19.54084061,-99.07811614
MATERIALES SOTO,19.62771245,-99.05710934
MATERIALES TECUESCONCO,19.63079291,-98.98984493
MATERIALES TEOCALLIS,19.5391378,-99.01653618
MATERIALES TEXALPA,19.562874,-99.06040207
MATERIALES VAZQUEZ,19.64236092,-99.0651305
MATERIALES VERGARA,19.57256251,-99.02238068
MATERIALES VIKY,19.65378387,-99.07271541
MATERIALES VILLA DE GUADALUPE,19.50805591,-99.07096066
MATERIALES Y CONSTRUCCION FRAGOSO,19.56947799,-99.04972219
MATERIALES Y CONSTRUCCION JERUSALEN,19.56221232,-99.01548844
MATERIALES Y PERFILES FERMA,19.61346382,-99.04447577
MATERIAS CERRAJERIA LOPEZ,19.67173933,-99.02925295
METAL MECANICA SAMA,19.75759811,-98.97368276
MICRAHERRAMIENTAS,19.55455296,-99.01943623
MIKELS MEXICO ECATEPEC II,19.49319089,-99.04525
MINIFERRETERIA,19.66153173,-98.99421484
MJULTISERVICIOS LOS PATOS,19.68001436,-99.02752708
MUROS Y PLAFONES,19.60955925,-99.05639203
NADIA PARRILLAS Y QUEMADORES,19.52511783,-99.05535475
PAPELERIA OCHA,19.69744252,-99.00921816
PAPELERIA Y TLAPALERIA AGUILAR,19.50844074,-99.02571147
PAPELERIA Y TLAPALERIA MICKIE,19.63768385,-98.97877562
PESCA TRONIC,19.5100611,-99.04275128
PIGMACOLOR,19.63211989,-99.07479924
PINTURAS OPTIMUS,19.5361187,-99.04297922
PLOGAS,19.5162358,-99.06336936
PLOMERAMA,19.51575565,-99.06162774
PLOMERIA,19.6360675,-98.99189088
PLOMERIA,19.54232748,-99.07478131
PLOMERIA  FERRO PLOMEX,19.50483776,-99.0644969
PLOMERIA ALCON,19.64677868,-99.00074353
PLOMERIA CASA MAYA,19.66869088,-99.00374124
PLOMERIA CASA ROMERO,19.64294673,-98.9882352
PLOMERIA DANIEL,19.55404783,-99.07801275
PLOMERIA DIAZ,19.68622684,-98.98506744
PLOMERIA EDMAR,19.55276369,-99.08864962
PLOMERIA EL MUNDO DEL PLOMERO,19.62141315,-99.01243975
PLOMERIA HERNANDEZ,19.63828215,-98.99673836
PLOMERIA LA COMPUERTA,19.51115318,-99.02241957
PLOMERIA LOPEZ,19.63789629,-99.03900336
PLOMERIA LUGO,19.64286131,-99.06182925
PLOMERIA MENDOZA,19.66161749,-98.99417752
PLOMERIA PI헤,19.68181677,-99.01107107
PLOMERIA RODRIGUEZ,19.68382999,-98.98061354
PLOMERIA TREJO,19.50415938,-99.06278803
PLOMERIA VALVULA AJOLOAPAN,19.76369353,-98.97347045
PLOMERIA VEGA,19.68865983,-98.98041223
PLOMERIA Y ARTICULOS DE BA헲,19.66871173,-99.00509521
PLOMER페 Y ELECTRICIDAD,19.52649917,-99.01897454
PLOMERIA Y FERRETERIA MONTE CARMELO,19.68571619,-98.98410581
PLOMERIA Y FERRETERIAAVILA,19.4944733,-99.03871676
PLOMERIA Y GAS ARTICJULOS TIENDA SIN NOMBRE,19.66923013,-99.00400705
PLOMERIA Y GAS CAMACHO,19.50588133,-99.01907091
PLOMERIA Y GAS CATALAN,19.64870499,-98.99570373
PLOMERIA Y TLAPALERIA EL GUERRERO,19.60798001,-99.01463402
PLOMERIA Y TLAPALERIA LA CENTRAL,19.63137742,-99.06207584
PLOMERMAX,19.50601304,-99.05552471
POLLERIA.,19.60739146,-99.06877153
PRODUCTOS DE PLOMERIA,19.77302593,-98.9794294
PRODUCTOS PARA EL CARPINTERO BAZAR DEL CARPINTERO SAYER LACK,19.52837958,-99.05404094
PRODUCTOS YAPI,19.50311295,-99.07319854
PROGAS,19.58581776,-99.00785244
PROME PROVEEDORA DE MATERIAL ELECTRICO,19.60997536,-99.05714522
PROMOTORA FAL,19.55824586,-99.0306062
PROTUCSA SPEARS S.A DE C.V,19.53187313,-99.07076083
REFACCIONARIA,19.59790108,-98.9941741
REFACCIONARIA DE ELECTRODOMESTICOS,19.52077139,-99.03304458
REFACCIONARIA DE GAS SIN NOMBRE,19.60375883,-98.99090536
REFACCIONARIA EL BUEN PRECIO,19.61929353,-99.00200434
REFACCIONARIA GASA,19.77137267,-98.97930965
REFACCIONARIA Y TORNILLERIA,19.53409987,-99.02626283
REFACCIONES Y TORNILLOS,19.56172154,-99.0472265
RUEDAS Y RODAJAS,19.61305033,-99.04888857
SERVICIO DE PLOMERIA MENDOZA,19.6688337,-99.00510037
SERVICIO MECANICO ALEX,19.51032686,-99.02332367
SERVICIOS Y ASESORIA SAMM,19.49553872,-99.04619572
SIAACSA,19.50228247,-99.04120926
SILVERLIGHT,19.5139547,-99.03605867
SUMINISTRO Y COLOCACION DE MARMOL,19.63095701,-98.98862903
SUPER DE MATERIALES SANTA CLARA,19.53647964,-99.06832579
SURTIDOR FERRETERO ECATEPEC,19.61328559,-99.04904888
TALAPALERIA TOKIO,19.64608673,-99.00203343
TALLER DE PLOMERIA,19.51075176,-99.06213857
TALPALERIA MEXICO,19.56973737,-99.05405987
TALPAPELERIA JERARQUI ALEX,19.60105516,-99.02477489
TATSA TLAPALERIA,19.63897747,-99.03890402
TIENDA DE ARTICULOS DE PLOMERIA SIN NOMBRE,19.55838132,-99.03133117
TIENDA DE TORNILLOS,19.55344954,-99.02596015
TIENDA TRUPER,19.59059629,-99.0276651
TINACOS Y CALENTADORES,19.49760549,-99.03229605
TLAELERIA TRES HERMANOS,19.52196534,-99.06923306
TLALPALERIA SIN NOMBRE,19.55564768,-99.08432872
TLAPA EL JEFE,19.50342548,-99.06217598
TLAPAERIA Y FERRETERIA CYBER,19.62766719,-99.03092725
TLAPAFERRE JIMENEZ,19.50505415,-99.0448837
TLAPA-FERRE LAURELES,19.50723999,-99.0472111
TLAPALAERIA NORDIA,19.65717974,-99.00989104
TLAPALERI FERRETERIA PRECISION,19.62431446,-99.01939123
TLAPALERIA,19.59984981,-98.99726032
TLAPALERIA,19.71169734,-98.97336397
TLAPALERIA,19.63004382,-99.06351097
TLAPALERIA,19.56660611,-99.02725653
TLAPALERIA,19.60856286,-99.00001785
TLAPALERIA,19.55059872,-99.03163126
TLAPALERIA,19.54715182,-99.02687894
TLAPALERIA,19.56970321,-99.06299831
TLAPALERIA,19.5501961,-99.03705446
TLAPALERIA,19.50978592,-99.05332543
TLAPALERIA,19.55197862,-99.07224211
TLAPALERIA,19.64092167,-99.05789646
TLAPALERIA,19.56628322,-99.02043593
TLAPALERIA,19.54603608,-99.08412014
TLAPALERIA,19.50062024,-99.02686257
TLAPALERIA,19.64684745,-98.98961999
TLAPALERIA,19.5600616,-99.03534341
TLAPALERIA,19.57007368,-99.04661303
TLAPALERIA,19.49656814,-99.02276569
TLAPALERIA,19.49292369,-99.02084444
TLAPALERIA,19.60282166,-99.02824732
TLAPALERIA,19.50225391,-99.01737148
TLAPALERIA,19.60822973,-99.03387622
TLAPALERIA,19.53767319,-99.08717136
TLAPALERIA,19.62693922,-99.04261952
TLAPALER페,19.61188143,-99.03777339
TLAPALERIA,19.6219247,-99.07119801
TLAPALERIA,19.68218471,-99.04116191
TLAPALERIA,19.49299745,-99.01982687
TLAPALERIA,19.57350098,-99.05447467
TLAPALERIA,19.49886488,-99.06005036
TLAPALERIA,19.62444421,-99.02547328
TLAPALERIA,19.64915203,-99.0054579
TLAPALERIA,19.62444421,-99.02547328
TLAPALERIA,19.63793979,-99.03749391
TLAPALERIA,19.62748107,-99.02200195
TLAPALERIA,19.62573316,-99.03131304
TLAPALERIA,19.54416336,-99.08206994
TLAPALERIA,19.56401085,-99.08625791
TLAPALERIA,19.56934151,-99.06166998
TLAPALERIA,19.601664,-99.04921515
TLAPALER페,19.59735606,-99.01613891
TLAPALERIA,19.61136413,-99.01020374
TLAPALERIA,19.57022784,-99.06414633
TLAPALERIA,19.53063967,-99.0325618
TLAPALERIA,19.56822031,-99.09543693
TLAPALERIA,19.51693469,-99.04685573
TLAPALERIA,19.586981,-99.03967562
TLAPALERIA,19.5890243,-99.04621629
TLAPALERIA,19.55129529,-99.09060826
TLAPALERIA,19.51350508,-99.04567202
TLAPALERIA,19.58820177,-99.03744317
TLAPALERIA,19.629938,-99.04180041
TLAPALERIA,19.57061974,-99.06207335
TLAPALERIA,19.54805676,-99.04397258
TLAPALERIA,19.54972819,-99.06180381
TLAPALERIA,19.51776633,-99.06560898
TLAPALERIA,19.54943264,-99.03433456
TLAPALERIA,19.52284379,-99.05143551
TLAPALERIA,19.54476248,-99.08449747
TLAPALERIA,19.49072656,-99.02092998
TLAPALERIA,19.64266815,-98.99662905
TLAPALERIA,19.54344288,-99.07949709
TLAPALERIA,19.54409015,-99.08202624
TLAPALERIA,19.50141779,-99.04879362
TLAPALERIA,19.55261094,-99.08747507
TLAPALERIA  LA REYNA,19.64020167,-98.99544349
"TLAPALERIA , HERRAMIENTAS Y MATERIALES PARA LA CONSTRUCCION LOS PANCHOS",19.71053135,-98.962622
TLAPALERIA 22,19.71001072,-98.96673786
TLAPALERIA 32,19.51434162,-99.02527945
TLAPALERIA 5 DE MAYO,19.69243798,-98.98476249
TLAPALERIA 6 HERMANOS,19.54084214,-99.04837378
TLAPALERIA 7 LEONES,19.52063697,-99.05204398
TLAPALERIA 7 LEONES,19.5153403,-99.05513553
TLAPALERIA 7 LEONES,19.52225867,-99.05197744
TLAPALERIA ABC,19.60906737,-99.01978679
TLAPALERIA ABI,19.64867101,-99.00963016
TLAPALERIA ABRAHAM,19.56447118,-99.0590588
TLAPALERIA ABRIL,19.63804184,-99.07068808
TLAPALERIA ACUADUCTO,19.5902694,-99.04451833
TLAPALERIA ADYS,19.51872926,-99.07556243
TLAPALERIA AGUILAR,19.60755221,-99.06734664
TLAPALERIA AGUILAR,19.57731876,-99.05448267
TLAPALERIA AGUILAR,19.64727741,-98.98949019
TLAPALERIA AGUILAR,19.54987739,-99.0912524
TLAPALERIA AIN,19.4952785,-99.01760463
TLAPALERIA AKBAL,19.51569707,-99.05604341
TLAPALERIA ALEX,19.55888481,-99.03246054
TLAPALERIA ALEX,19.59849191,-99.02632696
TLAPALERIA ALEXANDER,19.64520798,-99.06803031
TLAPALERIA ALFER,19.77350966,-98.98141333
TLAPALERIA ALIN,19.77916978,-98.98897376
TLAPALERIA ALONSO,19.61470694,-99.02526235
TLAPALER페 AMADOR,19.63593713,-98.99225091
TLAPALERIA AMADOR,19.52296574,-99.01782727
TLAPALERIA ANA BELEN,19.59911397,-99.04734429
TLAPALERIA ANAHUAC,19.51294981,-99.02416603
TLAPALERIA ANDY,19.61509734,-98.98760945
TLAPALERIA ANGEL JAVIER,19.66617095,-99.00877176
TLAPALERIA ANGELICA,19.53353336,-99.03268808
TLAPALERIA ANGELITO,19.52611152,-99.02527257
TLAPALERIA ANITA,19.59678507,-99.00416145
TLAPALERIA ANNY,19.59810143,-99.02398893
TLAPALERIA APER,19.67946896,-99.01400986
TLAPALERIA ARA,19.5522202,-99.01742092
TLAPALERIA ARAGONES,19.49418868,-99.04251571
TLAPALERIA ARBOLEDAS,19.49495166,-99.02886371
TLAPALERIA ARBOLITOS,19.53905508,-99.08555142
TLAPALERIA ARCA,19.55534567,-99.03366213
TLAPALERIA ARELY,19.52649917,-99.01897454
TLAPALERIA ARIES,19.52394428,-99.04045906
TLAPALERIA ARIES,19.51158369,-99.03319469
TLAPALERIA ARIES,19.53885895,-99.03092181
TLAPALERIA ARIES,19.66890284,-99.00516844
TLAPALERIA ARRECIFE,19.60049406,-98.9921704
TLAPALERIA ARROYO,19.51480419,-99.02508755
TLAPALERIA AVENIDA CENTRAL,19.50315091,-99.04183173
TLAPALERIA AZTECA,19.68182332,-98.98345815
TLAPALERIA AZTECATL,19.52394735,-99.01667559
TLAPALERIA B Y G,19.49183696,-99.01688568
TLAPALERIA BACHILLERES,19.55546159,-99.0271791
TLAPALERIA BACI,19.52669187,-99.01808418
TLAPALERIA BADILLO,19.62903504,-99.0416854
TLAPALERIA BALEZA,19.65943906,-98.99937831
TLAPALERIA BARA TODO.,19.61068276,-99.06464334
TLAPALERIA BARBOSA,19.67923411,-99.03044002
TLAPALERIA BARRERA,19.61915729,-99.05682921
TLAPALERIA BATATAS,19.5360281,-99.02329879
TLAPALERIA BAUTISTA,19.64879814,-99.02833922
TLAPALERIA BAUTISTA,19.62686436,-99.01938185
TLAPALERIA BAZA,19.55817702,-99.07896245
TLAPALERIA BEATRIZ,19.5672227,-99.01641505
TLAPALERIA BE-FRANS,19.64863236,-98.99501765
TLAPALERIA BENAVIDES,19.55475946,-99.06274151
TLAPALERIA BENHU,19.49606154,-99.05290616
TLAPALERIA BENY,19.54129597,-99.05997143
TLAPALERIA BERAKA,19.60657322,-99.01754726
TLAPALERIA BLANQUITA,19.57277446,-99.02520104
TLAPALERIA BOSQUES,19.59418738,-99.00485479
TLAPALERIA BOSQUES,19.5948629,-99.00183591
TLAPALERIA BT,19.61983839,-99.01279732
TLAPALERIA CADENA,19.50152354,-99.05612714
TLAPALERIA CAMARGO,19.59704724,-99.0166359
TLAPALERIA CANO,19.69349601,-98.97850489
TLAPALERIA CAPRICORNIO,19.64442539,-98.99781379
TLAPALERIA CARMELITA,19.68955801,-98.98989976
TLAPALERIA CARMEN,19.62422726,-99.03236934
TLAPALERIA CASA ABILA,19.64148769,-99.0585973
TLAPALERIA CASA ACOSTA,19.57796746,-99.04458323
TLAPALERIA CASA ALVADI,19.59109667,-99.01208228
TLAPALERIA CASA BARRERA,19.60783408,-98.9909867
TLAPALERIA CASA BARRERA,19.60865251,-98.99129288
TLAPALER페 CASA CUENCA,19.52715104,-99.04860165
TLAPALERIA CASA DEL TORNILLO ROMEL,19.49140446,-99.02939995
TLAPALERIA CASA DON JOSE,19.56469188,-99.06002676
TLAPALERIA CASA ELIZALDE,19.52801503,-99.06386045
TLAPALERIA CASA LEON,19.63419914,-99.02594354
TLAPALERIA CASA MARCO,19.59818208,-99.02233464
TLAPALERIA CASA MARI,19.62342239,-99.05427978
TLAPALERIA CASA MARTINEZ,19.49978414,-99.03052161
TLAPALERIA CASA MENDEZ,19.60189376,-99.00688881
TLAPALERIA CASA OKADIZ,19.49980074,-99.06200246
TLAPALERIA CASA SIERRA,19.68649817,-98.97034902
TLAPALERIA CASA VIC,19.61486884,-99.00949129
TLAPALERIA CASFER,19.63705433,-99.03471152
TLAPALERIA CASTILLO,19.68546973,-98.9699562
TLAPALERIA CASTILLO,19.55090753,-99.08260089
TLAPALERIA CASTRO HERMANOS,19.55662706,-99.06468204
TLAPALERIA CAYZA,19.54001086,-99.04300223
TLAPALERIA CELESTINO,19.52897605,-99.04120332
TLAPALERIA CENTRAL,19.53435821,-99.03011043
TLAPALERIA CHABELIN,19.66610616,-99.00878421
TLAPALERIA CHABELITA,19.67798432,-99.01767088
TLAPALERIA CHAHUA,19.52063415,-99.03072162
TLAPALERIA CHAPULTEPEC,19.6218316,-99.05753948
TLAPALERIA CHARLIE,19.65115598,-98.9950329
TLAPALERIA CHAVA,19.50950682,-99.08735195
TLAPALERIA CHIQUITA,19.53550932,-99.03300198
TLAPALERIA CHRISTIAN,19.52517735,-99.01916351
TLAPALERIA CIRCUNVALACION,19.55220864,-99.03766714
TLAPALERIA CISNEROS,19.56313227,-99.05031879
TLAPALERIA COCA,19.55512977,-99.06374631
TLAPALERIA COM-FAC,19.64440581,-98.99769624
TLAPALERIA CON AUDIO Y VIDEO,19.5264667,-99.0504982
TLAPALER페 CONDOR,19.52676597,-99.03003104
TLAPALERIA CONDOR,19.54010402,-99.06437276
TLAPALERIA CONTRERAS,19.55177984,-99.02406164
TLAPALERIA COOPER,19.6628973,-99.01910756
TLAPALERIA CORONADO,19.55351071,-99.03897049
TLAPALERIA CORTES,19.71159326,-98.97343267
TLAPALERIA CORTINEZ,19.54666321,-99.07640401
TLAPALERIA CRUZ,19.56742973,-99.09331089
TLAPALERIA CRUZ,19.66219519,-98.99772911
TLAPALERIA CRUZ,19.62109609,-99.01257786
TLAPALERIA CRUZ,19.53825574,-99.02106647
TLAPALERIA CRUZ,19.57549571,-99.0633213
TLAPALERIA D BRENDA,19.49914975,-99.02234122
TLAPALERIA DAIRA,19.50659727,-99.0279629
TLAPALERIA DANAE,19.69353849,-98.998781
TLAPALERIA DANY,19.56657456,-99.03717684
TLAPALERIA DANY,19.51712758,-99.04101439
TLAPALERIA DAVID,19.61633675,-99.01145275
TLAPALERIA DE LA ROSA,19.51471735,-99.05337359
TLAPALERIA DE TODO,19.55092854,-99.08554752
TLAPALERIA DEL CASTILLO,19.6441872,-98.98900739
TLAPALERIA DEL CENTRO,19.6851872,-98.98865
TLAPALERIA DELFIN,19.49720374,-99.03732119
TLAPALERIA DELTA,19.50674692,-99.02202483
TLAPALERIA DEMEN,19.69587809,-98.94145283
TLAPALERIA DENNISE,19.53155214,-99.04105329
TLAPALERIA DIANA,19.50560235,-99.0447556
TLAPALERIA DIOS ES AMOR,19.56854018,-99.0718155
TLAPALERIA DIOS ES AMOR,19.57227841,-99.07146679
TLAPALERIA DON BENY,19.67243001,-99.00006759
TLAPALERIA DON CARLOS,19.68840543,-98.97527516
TLAPALERIA DON LUIS,19.51674988,-99.0171606
TLAPALERIA DON NACHO,19.61960311,-99.01382127
TLAPALERIA DON PABLO,19.50241853,-99.0327023
TLAPALERIA DON PANCHO,19.76900966,-98.95061131
TLAPALERIA DOXA,19.51191365,-99.06937839
TLAPALERIA DRICOL,19.63722867,-99.03521572
TLAPALERIA DURAN,19.57757833,-99.0472011
TLAPALER페 EBENEZER,19.53459272,-99.0205054
TLAPALERIA EDGAR,19.5066612,-99.07483069
TLAPALERIA EDGAR,19.59318748,-99.00143764
TLAPALERIA EDITH,19.55578403,-99.08010443
TLAPALERIA EDWIN,19.56717457,-99.08562682
TLAPALERIA EL AGUILA,19.54013882,-99.0644734
TLAPALERIA EL ARBOL,19.61875948,-99.07484937
TLAPALERIA EL CAJON,19.65328757,-98.99574339
TLAPALERIA EL CANDADITO,19.50477414,-99.01628307
TLAPALERIA EL CAPRICHO,19.62960171,-99.00595963
TLAPALERIA EL CASTOR,19.55402456,-99.08272955
TLAPALERIA EL CHATO,19.55606573,-99.07541226
TLAPALERIA EL CISNE,19.62052181,-99.02283705
TLAPALERIA EL CISNE IV,19.52434128,-99.06618124
TLAPALERIA EL CLAVITO,19.77307157,-98.97940737
TLAPALERIA EL CLAVITO,19.56103195,-99.02583556
TLAPALERIA EL CLAVITO,19.59308833,-99.00682481
TLAPALERIA EL CLAVITO,19.62550661,-99.05345154
TLAPALERIA EL CLAVITO,19.56601542,-99.04069875
TLAPALERIA EL CLAVITO,19.49990912,-99.05310691
TLAPALERIA EL CLAVITO,19.52623671,-99.04649126
TLAPALERIA EL COMETA,19.68380571,-98.97275073
TLAPALERIA EL CONGO ROJO,19.60047705,-99.05302361
TLAPALERIA EL CONSENTIDO,19.50976921,-99.01599651
TLAPALERIA EL DIAMANTE,19.52845665,-99.03958159
TLAPALERIA EL FENIX,19.54890222,-99.02440204
TLAPALERIA EL GALLO,19.5538141,-99.02902786
TLAPALERIA EL GRILLO,19.66912471,-99.00226566
TLAPALERIA EL GUERO,19.5166198,-99.06578954
TLAPALER페 EL HIDALGUENZE,19.64776104,-99.06871298
TLAPALERIA EL IGUANA,19.59983834,-99.02790517
TLAPALERIA EL IMAN,19.5458813,-99.03289932
TLAPALERIA EL IMAN,19.65463141,-99.06715845
TLAPALERIA EL IMAN,19.51328262,-99.05543563
TLAPALERIA EL IMAN,19.61264751,-99.07001475
TLAPALERIA EL KIOSCO,19.51583161,-99.06623773
TLAPALERIA EL KIOSCO,19.5839941,-99.0396685
TLAPALERIA EL LEON,19.77799552,-98.98116866
TLAPALERIA EL MARHAZANA,19.52352226,-99.02189241
TLAPALERIA EL MEXIQUENSE,19.64693374,-99.0652777
TLAPALERIA EL MIXTECO,19.57801561,-99.06296313
TLAPALERIA EL OSO,19.52211095,-99.05544116
TLAPALERIA EL PASILLITO,19.60886683,-99.03236769
TLAPALERIA EL PASO,19.67271512,-99.02179562
TLAPALERIA EL PATO DONALS,19.53302954,-99.07535277
TLAPALERIA EL PINO,19.55449363,-99.08320919
TLAPALERIA EL PIOJITO,19.69139295,-98.98023904
TLAPALERIA EL PORVENIR,19.5189839,-99.08844427
TLAPALERIA EL POZITO,19.55021074,-99.08691471
TLAPALERIA EL PROGRESO,19.63202638,-98.99887091
TLAPALERIA EL PROGRESO,19.54647247,-99.07685668
TLAPALERIA EL PROGRESO,19.55777718,-99.01702594
TLAPALERIA EL PROGRESO,19.64166988,-99.0587513
TLAPALERIA EL PROGRESO,19.49763212,-99.04116999
TLAPALERIA EL PUENTE,19.68903874,-98.97648203
TLAPALERIA EL PUENTE,19.64488811,-99.01488312
TLAPALERIA EL RAYO,19.50018039,-99.05622034
TLAPALERIA EL REMACHE,19.53916781,-99.01713386
TLAPALERIA EL REMACHE,19.49582611,-99.02697885
TLAPALERIA EL RETO헲,19.56967269,-99.05609207
TLAPALERIA EL RETORNO,19.50991726,-99.07719043
TLAPALERIA EL ROBLE,19.7635162,-98.96333819
TLAPALERIA EL ROSAL,19.57456642,-99.06419617
TLAPALERIA EL SABINO,19.59869399,-99.00876133
TLAPALERIA EL SOL,19.54099462,-99.03342057
TLAPALERIA EL TORNILLO,19.52445547,-99.02166715
TLAPALERIA EL TREBOL,19.56340734,-99.03113901
TLAPALERIA EL ZACATECANO,19.52988574,-99.0431128
TLAPALERIA ELECTRICA Y PLOMERIA QUINTERO,19.48957768,-99.02188233
TLAPALERIA ELENA,19.77685682,-98.99042814
TLAPALERIA EMANUEL,19.57625395,-99.05637476
TLAPALERIA EMILIANO,19.50639803,-99.02896516
TLAPALERIA EMMANUEL,19.53402557,-99.08507387
TLAPALERIA ENCINO,19.60252795,-99.05701008
TLAPALERIA ENCIZO,19.71900283,-98.96814281
TLAPALERIA ENRIQUEZ,19.52383884,-99.02051057
TLAPALERIA ERIK,19.58679507,-99.04896154
TLAPALERIA ERIKA,19.53245681,-99.03241033
TLAPALERIA ESCOBAR,19.50644666,-99.06873932
TLAPALERIA ESCORPIO,19.64830543,-98.99297185
TLAPALERIA ESCORPION,19.74678526,-98.95141947
TLAPALERIA ESPERANZA,19.61259372,-98.98886467
TLAPALERIA ESPINAL,19.4910986,-99.03158605
TLAPALERIA ESPINAL JUNIOR,19.56881612,-99.02561307
TLAPALERIA ESPINOZA,19.50713082,-99.03593512
TLAPALERIA ESQUIVEL,19.65230827,-99.01107896
TLAPALERIA ESTRADA,19.61824127,-98.98771003
TLAPALERIA ESTRELLA DEL SURESTE,19.55609551,-99.07514378
TLAPALERIA EVA,19.50924302,-99.05995008
TLAPALERIA EVEYSA,19.65423944,-99.00730929
TLAPALERIA EXPERTOS EN PLOMERIA ECATEPEC,19.59254808,-99.00178343
TLAPALERIA FABIS,19.50494663,-99.04883144
TLAPALERIA FAMILIAR,19.63546774,-98.98856295
TLAPALERIA FANY,19.521192,-99.05378863
TLAPALERIA FATIMA,19.69542085,-99.00898695
TLAPALERIA FER,19.50236994,-99.04639175
TLAPALERIA FER 2,19.50236994,-99.04639175
TLAPALERIA FERRE ANGIE,19.54132718,-99.07026682
TLAPALERIA FERRE LEO,19.51901676,-99.04797619
TLAPALERIA FERRE MAS,19.52918,-99.02943523
TLAPALERIA FERRELIBRA,19.55213267,-99.08628034
TLAPALERIA FERREPOLO,19.49604836,-99.04212561
TLAPALERIA FERRESOL,19.50554456,-99.0182229
TLAPALERIA FERRETLAPA,19.49721424,-99.03762989
TLAPALERIA FERROMAX,19.53264944,-99.08288988
TLAPALERIA FLORES,19.50103138,-99.01966952
TLAPALER페 FLORES,19.53623786,-99.01633645
TLAPALERIA FLORES,19.6471586,-99.01091506
TLAPALERIA FLORIDA,19.50961845,-99.03497806
TLAPALERIA FRACSA,19.5541033,-99.07792853
TLAPALERIA FUENTE GRANDE,19.5933112,-99.03766918
TLAPALERIA FYF,19.63503696,-98.98990061
TLAPALERIA G,19.64905557,-99.00909086
TLAPALERIA GABI,19.65010099,-99.07017435
TLAPALERIA GABRIEL,19.56957002,-99.05089161
TLAPALERIA GABY,19.61988574,-99.00221408
TLAPALERIA GABY,19.60081195,-99.00581756
TLAPALERIA GARCIA,19.53439501,-99.07812683
TLAPALERIA GARCIA,19.65793882,-98.9956542
TLAPALERIA GARCIA,19.5492527,-99.09005343
TLAPALERIA GARDUNO,19.5742882,-99.05640815
TLAPALERIA GEMINIS,19.59235128,-98.99587117
TLAPALERIA GEMINIS,19.51587174,-99.07207773
TLAPALERIA GEMINIS,19.67827737,-98.99903368
TLAPALERIA GEMINIS,19.60757253,-99.01170894
TLAPALERIA GEMINIS,19.60352188,-99.00060954
TLAPALERIA GOBA,19.77936276,-98.98131917
TLAPALERIA GOMEZ,19.64046974,-99.06600314
TLAPALERIA GOMEZ HERMANOS,19.51954861,-99.04930926
TLAPALERIA GOMEZ HERMANOS,19.52034453,-99.04707023
TLAPALERIA GONZALEZ,19.61034289,-99.02789396
TLAPALERIA GONZALEZ,19.55272772,-99.06801795
TLAPALERIA GRANADOS,19.61313046,-99.06322732
TLAPALERIA GRECIA,19.50913843,-99.0345265
TLAPALERIA GRUPO UNION,19.55397509,-99.07839914
TLAPALERIA GUESAM,19.63166351,-99.01791452
TLAPALERIA GUZMAN,19.54051093,-99.04598234
TLAPALERIA GUZMAN,19.63250496,-98.99133453
TLAPALERIA HALC흁,19.63865546,-99.06284022
TLAPALERIA HARMANOS,19.57702886,-99.06675936
TLAPALER페 HEBI,19.59736045,-98.99203127
TLAPALERIA HECSA,19.63412217,-99.06773067
TLAPALERIA HERMANOS BUENDIA,19.71179494,-98.97289744
TLAPALERIA HERMANOS QUIRIZ,19.50818281,-99.01793314
TLAPALERIA HERNANDEZ,19.64173254,-98.99819867
TLAPALERIA HERNANDEZ,19.60466522,-99.02182302
TLAPALERIA HERNANDEZ,19.55488169,-99.02716049
TLAPALERIA HEROES DE LA INDEPENDENCIA,19.53889224,-99.04870086
TLAPALERIA HERRAMIENTAS FORMEC,19.60240957,-98.99783026
TLAPALERIA HERRERA,19.56567032,-99.01728511
TLAPALERIA HERRERA,19.55977921,-99.02114409
TLAPALERIA HERRERA,19.49513312,-99.0157323
TLAPALER페 HIDALGO,19.52908481,-99.04742376
TLAPALERIA HM HERRAMIENTAS,19.6216597,-99.0682439
TLAPALERIA HOGWARTS,19.67621941,-99.02617149
TLAPALERIA HORUS,19.50812664,-99.01659102
TLAPALERIA HUERTA,19.5391565,-99.06897599
TLAPALERIA HUESCA,19.60166357,-99.0606434
TLAPALERIA ILUSION,19.68333732,-98.97527957
TLAPALERIA INDEPENDENCIA,19.68972552,-98.98072927
TLAPALERIA IRAPUATO,19.59259898,-99.00278661
TLAPALERIA IRIS,19.67230568,-99.03118813
TLAPALERIA ISIDRO FABELA,19.72183073,-98.96600376
TLAPALERIA IVONNE,19.60298486,-98.99635079
TLAPALERIA IXTLAN,19.61500997,-99.07754369
TLAPALERIA IZCALLI,19.60688877,-99.02276661
TLAPALERIA JANETE,19.63422014,-98.99723891
TLAPALERIA JAQUELINE,19.58526813,-99.04910226
TLAPALERIA JARDINES,19.53925882,-99.04206546
TLAPALERIA JARDINES,19.66946661,-99.00589828
TLAPALERIA JARDINES,19.63760935,-99.04088098
TLAPALERIA JAURI,19.62308342,-99.05118905
TLAPALERIA JERCERIA,19.53825574,-99.02106647
TLAPALERIA JIMENEZ,19.69259616,-98.99930203
TLAPALERIA JIRETH,19.69174262,-98.99924286
TLAPALERIA JIRETH,19.69159002,-98.99494409
TLAPALER페 JOEL,19.55571869,-99.0281944
TLAPALERIA JONNY,19.68840543,-98.97527516
TLAPALERIA JR,19.61206645,-98.99367367
TLAPALERIA JR,19.61002225,-98.99406577
TLAPALERIA JUDITH,19.53147627,-99.05454332
TLAPALERIA JULIETA,19.62449144,-99.03086181
TLAPALERIA JUVENTUS,19.50913895,-99.04552018
TLAPALERIA KARINA,19.72190775,-98.9792053
TLAPALERIA KARINA,19.5901289,-99.02750658
TLAPALERIA KAROL S,19.54523932,-99.0312788
TLAPALERIA KATY,19.55719861,-99.03622451
TLAPALERIA KELLER,19.65067406,-99.06417729
TLAPALERIA KENYA,19.64367227,-98.99139606
TLAPALERIA KEVIN,19.53036572,-99.04477081
TLAPALERIA KIKIN,19.61752906,-99.02221916
TLAPALERIA KIMI,19.62191274,-99.00591665
TLAPALERIA KIRIZ,19.5052357,-99.01798468
TLAPALERIA LA 44,19.59444897,-98.99219579
TLAPALERIA LA ACUESTA,19.55002024,-99.06557019
TLAPALERIA LA ANCHA,19.63994,-98.99091216
TLAPALERIA LA AZTECA,19.53598712,-99.02442195
TLAPALERIA LA BARATA,19.62006348,-99.01535879
TLAPALERIA LA BARATA DE SOLIS,19.61242324,-99.01427368
TLAPALERIA LA BARATA DEL DOS MIL,19.52006133,-99.0621215
TLAPALER페 LA CAMPI헤,19.53416536,-99.03817367
TLAPALERIA LA CENTRAL,19.60672761,-99.01221449
TLAPALERIA LA CENTRAL,19.52969113,-99.03955909
TLAPALERIA LA CENTRAL,19.55300454,-99.03406361
TLAPALERIA LA CHICHARRA,19.53404687,-99.05120793
TLAPALERIA LA CHIQUITA,19.55646412,-99.08236899
TLAPALERIA LA CHIQUITA,19.59660345,-99.05180693
TLAPALERIA LA CHIQUITA,19.5345665,-99.02277914
TLAPALER페 LA CHISPITA,19.63794867,-99.03459613
TLAPALERIA LA CHIVA,19.54881763,-99.04136122
TLAPALERIA LA COMERCIAL,19.55032306,-99.03139505
TLAPALERIA LA CORUNDE헤,19.63444939,-98.97853281
TLAPALER페 LA ECON흀ICA,19.53248697,-99.04833943
TLAPALERIA LA ECONOMICA,19.61424608,-99.06906848
TLAPALERIA LA ESCALERA,19.54533546,-99.019996
TLAPALERIA LA ESCONDIDA,19.64012658,-99.00395675
TLAPALERIA LA ESCONDIDA,19.64483168,-99.00956516
TLAPALERIA LA ESMERALDA,19.50594101,-99.01922119
TLAPALERIA LA ESPERANZA,19.68354244,-98.96044811
TLAPALERIA LA ESPERANZA,19.56859125,-99.08710999
TLAPALERIA LA ESPERANZA,19.67480341,-99.00705132
TLAPALERIA LA ESTRELLA,19.54696416,-99.02696272
TLAPALERIA LA FAVORITA,19.65598019,-99.00734071
TLAPALERIA LA FE,19.49939142,-99.02368032
TLAPALERIA LA FLOR DE 5 DE MAYO,19.54840605,-99.04349261
TLAPALERIA LA FLORIDA,19.54211836,-99.01514574
TLAPALERIA LA FUENTE,19.52039901,-99.02402246
TLAPALERIA LA GOLONDRINA,19.5102865,-99.06515149
TLAPALERIA LA GOTERA,19.56004707,-99.03103671
TLAPALERIA LA GRAN BARATA,19.53458388,-99.03395722
TLAPALERIA LA GUADALUPANA,19.6612961,-98.99237894
TLAPALERIA LA GUERA,19.64452081,-99.01467651
TLAPALERIA LA GUERA,19.52552911,-99.02282289
TLAPALERIA LA HERRADURA,19.65581851,-98.995041
TLAPALERIA LA HIDALGUENSE,19.60227296,-99.00896626
TLAPALERIA LA HORMIGA,19.62156531,-99.05414065
TLAPALERIA LA IDEAL,19.67621941,-99.02617149
TLAPALERIA LA JACARANDA,19.62083739,-99.07046366
TLAPALERIA LA JAPONESA,19.50459779,-99.06389899
TLAPALERIA LA JAPONESA,19.63765486,-98.995538
TLAPALERIA LA JOYA,19.62428475,-98.98552572
TLAPALERIA LA LOMA,19.61506808,-99.07907847
TLAPALER페 LA LUPITA,19.53240577,-99.04355543
TLAPALERIA LA LUZ,19.51112248,-99.08445032
TLAPALERIA LA METROPOLITANA,19.61190088,-99.00446161
TLAPALERIA LA MEXIQUENSE,19.63319155,-99.03056246
TLAPALERIA LA MINIUTURA,19.58828041,-99.03748901
TLAPALERIA LA MODERNA,19.51396401,-99.02538794
TLAPALER페 LA MUNDIAL,19.53413528,-99.0193535
TLAPALERIA LA NACIONAL,19.53990538,-99.03865368
TLAPALERIA LA NACIONAL,19.52755786,-99.03730269
TLAPALERIA LA NENA,19.51903252,-99.08860057
TLAPALERIA LA NO HAY,19.59840439,-99.00828602
TLAPALERIA LA NORTE헬TA,19.55100636,-99.07851636
TLAPALERIA LA NUEVA,19.62127339,-99.06552956
TLAPALERIA LA NUEVA,19.49835256,-99.03873493
TLAPALERIA LA NUEVA,19.56151775,-99.02360305
TLAPALERIA LA NUEVA,19.55305011,-99.07237226
TLAPALERIA LA NUEVA TLAPA,19.50404247,-99.01798667
TLAPALERIA LA PALITA,19.64839116,-98.99375048
TLAPALER페 LA PALMA,19.52536595,-99.02868867
TLAPALERIA LA PALMA,19.51755929,-99.05377952
TLAPALERIA LA PALOMA,19.76277652,-98.95797494
TLAPALERIA LA PALOMA,19.51036682,-99.08924257
TLAPALERIA LA PALOMA,19.6698956,-99.00619348
TLAPALERIA LA PEQUE헤,19.52430131,-99.0667105
TLAPALERIA LA PERLA,19.61680213,-98.99239344
TLAPALERIA LA PRINCIPAL,19.58539572,-99.01416956
TLAPALERIA LA PROVIDENCIA,19.68189681,-98.96578967
TLAPALERIA LA SOLITA,19.49835952,-99.05751339
TLAPALERIA LA SOMBRA,19.65800428,-98.99226619
TLAPALERIA LA SURTIDITA,19.59496655,-99.04797273
TLAPALERIA LA TACHUELA,19.60363567,-99.02091992
TLAPALERIA LA TACHUELA,19.55577372,-99.03648007
TLAPALERIA LA TAPACHUELA,19.620046,-99.02615387
TLAPALERIA LA TERMINAL,19.51602761,-99.01886105
TLAPALERIA LA TLAPA,19.68000353,-99.0223003
TLAPALERIA LA TORRE,19.57418769,-99.06152782
TLAPALERIA LA TRABE,19.62769972,-99.00016889
TLAPALERIA LA UNICA,19.62838997,-99.01547612
TLAPALERIA LA UNICA,19.65900214,-98.99168237
TLAPALERIA LA UNION,19.62678614,-99.06253094
TLAPALERIA LA UNION,19.60487059,-99.0293385
TLAPALERIA LA UNION,19.63192505,-99.0358801
TLAPALER페 LA UNIVERSAL,19.52728015,-99.04893286
TLAPALERIA LA VENTANTA,19.59559398,-99.05016934
TLAPALERIA LAGOS,19.60040883,-99.01447117
TLAPALERIA LAMPI,19.63376434,-99.06680333
TLAPALERIA LAS FLORES,19.63306381,-99.02677642
TLAPALERIA LAS FUENTES,19.56620279,-99.04019172
TLAPALERIA LAS HERMANAS,19.64451429,-98.98651511
TLAPALERIA LAS TORRES,19.63589652,-99.05888609
TLAPALERIA LAS VEGAS,19.50685898,-99.07467183
TLAPALERIA LAS VIA,19.62689967,-99.00551853
TLAPALERIA LAURITA,19.77878354,-99.00438038
TLAPALERIA LEL CANDADITO,19.52239514,-99.05706974
TLAPALERIA LEO,19.64454173,-99.06036154
TLAPALERIA LEON,19.60948769,-99.04212235
TLAPALERIA LEON,19.57503843,-99.0258702
TLAPALERIA LEON,19.56906454,-99.02302262
TLAPALERIA LIBRA,19.48965738,-99.03432344
TLAPALERIA LIBRA,19.51995976,-99.01961965
TLAPALERIA LIBRA,19.50268488,-99.03089597
TLAPALERIA LIBRA,19.64401024,-98.98590543
TLAPALERIA LILI,19.63248364,-99.0562205
TLAPALERIA LILI,19.63255938,-98.97904782
TLAPALERIA LINDA,19.64773015,-98.98999597
TLAPALERIA LIZ,19.6411048,-98.98233287
TLAPALERIA LOBOS,19.51816139,-99.01798594
TLAPALERIA LOMAS DE TECAMAC,19.65861322,-98.99398167
TLAPALERIA LOPEZ,19.61183127,-99.04469786
TLAPALERIA LOPEZ,19.52332303,-99.06863349
TLAPALERIA LORE,19.51737405,-99.01986852
TLAPALERIA LOS ALEXS,19.62139292,-99.01242432
TLAPALERIA LOS ARBOLITOS,19.60780703,-99.01147995
TLAPALERIA LOS ARBOLITOS,19.5918751,-99.02735884
TLAPALERIA LOS CHOPOS,19.61818661,-99.05244903
TLAPALERIA LOS MANOLOS,19.49959068,-99.05283586
TLAPALERIA LOS PINOS,19.62675252,-99.01958318
TLAPALERIA LOS ROSALES,19.51509158,-99.02919149
TLAPALERIA LOS SANCHEZ,19.77651384,-98.98140013
TLAPALERIA LOS SOCIOS,19.57348212,-99.05462566
TLAPALERIA LOS TRES HERMANOS,19.63459905,-98.99236772
TLAPALERIA LOTO,19.60451071,-99.00645652
TLAPALERIA LOY,19.53006178,-99.03087803
TLAPALERIA LUCERO,19.50541617,-99.03130451
TLAPALERIA LUCY,19.53997785,-99.01866279
TLAPALERIA LUGO,19.6475993,-98.98587918
TLAPALERIA LUIGI,19.53916549,-99.06984842
TLAPALERIA LUIGI,19.54730179,-99.02698251
TLAPALERIA LUIS,19.49774621,-99.02515868
TLAPALERIA LULIS,19.6206738,-99.07962528
TLAPALERIA LUNA,19.70969421,-98.96957535
TLAPALERIA LUPITA,19.52966643,-99.04297847
TLAPALERIA LUPITA,19.55795679,-99.07758432
TLAPALERIA LUPITA,19.6245397,-99.01420024
TLAPALERIA MAGNETO,19.68702928,-98.96969805
TLAPALERIA MAGO,19.75238236,-98.95393871
TLAPALERIA MAMIS,19.54935409,-99.01945724
TLAPALERIA MANA,19.63205794,-99.01911149
TLAPALERIA MANOLA,19.60225015,-98.99710501
TLAPALERIA MAPI,19.53899782,-99.01618184
TLAPALERIA MAR,19.765095,-98.96713606
TLAPALERIA MAR,19.55278934,-99.02959455
TLAPALERIA MARAVILLAS,19.51403479,-99.05177482
TLAPALERIA MARCO,19.60262356,-99.00926429
TLAPALER페 MARIA,19.53652807,-99.01647709
TLAPALERIA MARIA ISABEL Y PLOMERIA ALBERTO,19.59536985,-99.00791341
TLAPALERIA MARIANA,19.60455824,-99.0240701
TLAPALERIA MARIBEL,19.50591216,-99.02613856
TLAPALERIA MARIELA,19.57601164,-99.06852181
TLAPALERIA MARISOL,19.69957268,-98.97773056
TLAPALERIA MARITA,19.50174235,-99.02869542
TLAPALERIA MARMI,19.67841246,-99.00101255
TLAPALERIA MAROAN,19.5361187,-99.04297922
TLAPALERIA MARTINEZ,19.65894761,-98.9952228
TLAPALERIA MARTINEZ,19.60271537,-99.00645257
TLAPALERIA MART펥EZ,19.60983052,-99.01871838
TLAPALERIA MARTINEZ FRANCO,19.55958949,-99.07721671
TLAPALERIA MASTER,19.61412283,-99.07142127
TLAPALERIA MATCON DE MEXICO,19.75862772,-98.96508506
TLAPALERIA MATERIALES CASA LOPEZ,19.52347026,-99.07099093
TLAPALERIA MATERIALES FLORES,19.57103233,-99.0577937
TLAPALERIA MEDIN,19.59870684,-99.02590607
TLAPALERIA MEDINA,19.53677888,-99.04886361
TLAPALERIA MEDINA,19.52222506,-99.05167662
TLAPALERIA MELO,19.57822464,-99.06176013
TLAPALERIA MENDEZ,19.62987915,-98.99965153
TLAPALERIA MENDOZA,19.52350595,-99.05645287
TLAPALERIA MENDOZA,19.57143737,-99.02314407
TLAPALERIA MENDOZA,19.55060211,-99.07079531
TLAPALERIA METZTITLAN,19.68371051,-98.96565819
TLAPALERIA MEXICO,19.52645895,-99.05047874
TLAPALERIA MEXICO,19.55843061,-99.0313608
TLAPALERIA MEXICO,19.50639545,-99.0289663
TLAPALERIA MEXICO,19.51773081,-99.01835632
TLAPALERIA MEXIQUENSE,19.63936162,-99.07007463
TLAPALERIA MI ANGEL,19.53852203,-99.07847517
TLAPALERIA MIGUELITO,19.53150541,-99.05417329
TLAPALERIA MIKE,19.53575552,-99.02386429
TLAPALERIA MILO,19.64838926,-98.99203637
TLAPALERIA MIRANDA,19.56000429,-99.03519107
TLAPALERIA MIRIAM,19.68244361,-98.9871557
TLAPALERIA MOCA,19.54861121,-99.08655895
TLAPALERIA MONROY,19.50134038,-99.06611263
TLAPALERIA MONROY,19.63713976,-98.9945219
TLAPALERIA MONSE,19.56842846,-99.05725163
TLAPALERIA MONTE ALBAN,19.5417979,-99.04274964
TLAPALERIA MORA,19.54859931,-99.08837017
TLAPALERIA MORELOS,19.54060333,-99.03809905
TLAPALERIA MORELOS,19.62494516,-99.07620737
TLAPALERIA MORENO,19.59675303,-98.99494841
TLAPALERIA MORENO,19.60897124,-98.99533719
TLAPALERIA MULTICOLOR,19.51756292,-99.03966335
TLAPALERIA NAJERA,19.55901805,-99.06669718
TLAPALERIA NANVER,19.50251821,-99.06264829
TLAPALERIA NAUTILUS,19.5144152,-99.03362182
TLAPALERIA NERI,19.65751481,-99.00961971
TLAPALERIA NIKO,19.5944058,-98.99450752
TLAPALERIA NO LO OLVIDES,19.57078069,-99.0395419
TLAPALERIA NOEMI,19.5027127,-99.03975294
TLAPALERIA OLAF,19.49014823,-99.03953767
TLAPALERIA OLIMPICA,19.52671492,-99.03535476
TLAPALERIA ONTARIO,19.55083879,-99.04250789
TLAPALERIA ORICAM,19.71274165,-98.96537188
TLAPALERIA ORION,19.56323442,-99.0292535
TLAPALERIA ORION,19.50142587,-99.05955863
TLAPALERIA ORQUIM,19.68063164,-98.98340136
TLAPALERIA ORTEGA,19.59974514,-99.00887467
TLAPALERIA ORTEGA,19.61780556,-99.04933302
TLAPALERIA ORTIZ,19.63831919,-99.0248719
TLAPALERIA ORTIZ,19.55804223,-99.06067506
TLAPALERIA OSTOR,19.57992107,-99.06015429
TLAPALERIA PACIFICO,19.60741257,-99.06339713
TLAPALERIA PAPELERIA Y MATERIALES PARA CONSTRUCCION,19.64684504,-98.99859402
TLAPALERIA PATY,19.61776659,-99.05296836
TLAPALERIA PATY,19.52352604,-99.0578675
TLAPALERIA PEDRAZA,19.62579547,-99.06015383
TLAPALER페 PENIEL,19.59733315,-99.01090184
TLAPALERIA PEREZ,19.5518775,-99.07266229
TLAPALERIA PEREZ,19.63872464,-99.05719175
TLAPALERIA PERLA,19.57754681,-99.06475996
TLAPALERIA PETER,19.64625917,-98.99138334
TLAPALERIA PETER,19.6837519,-99.0105403
TLAPALERIA PICHARDO,19.64349659,-98.99087497
TLAPALERIA PIFAS,19.68495812,-98.96324043
TLAPALERIA PIJA,19.6495001,-99.06293605
TLAPALERIA PINO,19.50137087,-99.02054266
TLAPALERIA PLATA,19.63086116,-99.03416367
TLAPALERIA PLAZA ZARAGOZA,19.62792975,-99.06494101
TLAPALERIA PLOMERIA LUPITA,19.61134211,-98.99311512
TLAPALERIA PLOMERIA MARIO,19.60282166,-99.02824732
TLAPALERIA PLOMERIA Y MATERIAL ELECTRICO,19.59821404,-99.00151046
TLAPALERIA PLOMHER,19.62383556,-99.02366708
TLAPALERIA PLOTME,19.51390919,-99.01706223
TLAPALERIA PONCE,19.53163996,-99.01638678
TLAPALERIA POZOR,19.71153185,-98.96541367
TLAPALERIA PRA2,19.54577469,-99.04595692
TLAPALERIA PRINCES,19.54244071,-99.06772706
TLAPALERIA PRIZO 1,19.50133145,-99.01775469
TLAPALERIA R 1,19.51999446,-99.05929817
TLAPALERIA R1,19.5480577,-99.03341333
TLAPALERIA R1,19.52001426,-99.05927996
TLAPALERIA R1 MARISOL,19.54144654,-99.03999184
TLAPALERIA RADRIGUEZ,19.49183696,-99.01688568
TLAPALERIA RAMIREZ,19.53321838,-99.01742695
TLAPALERIA RAMIREZ,19.51828793,-99.02502442
TLAPALERIA RANCHO VIEJO,19.56726329,-99.08945143
TLAPALERIA RAYO,19.61851087,-99.0182413
TLAPALERIA REGALO DE DIOS,19.50231949,-99.04705418
TLAPALERIA RENOVACION,19.59173663,-99.03747947
TLAPALERIA REYES,19.62926373,-99.05138685
TLAPALERIA REYES,19.64004343,-99.00672029
TLAPALERIA REYES,19.6073225,-99.01494781
TLAPALERIA REYNA,19.63575404,-98.99077935
TLAPALERIA RICHARD,19.57926548,-99.0526717
TLAPALERIA RIGO,19.50174373,-99.05024608
TLAPALERIA RIGO JR,19.50560358,-99.0544928
TLAPALERIA RIO FRIO,19.57369742,-99.07222717
TLAPALERIA RIOS,19.63087227,-99.05685568
TLAPALERIA RIVER,19.50372802,-99.02744877
TLAPALERIA RIVERA,19.6130816,-99.02403124
TLAPALERIA ROCHA,19.50161446,-99.04930985
TLAPALERIA ROCIO,19.61361518,-99.02972457
TLAPALERIA ROCIO,19.59481412,-99.02578632
TLAPALERIA RODRIGUEZ,19.62340212,-99.05811461
TLAPALERIA RODRIGUEZ,19.5415565,-99.06355554
TLAPALERIA RODRIGUEZ,19.65923142,-98.99952599
TLAPALERIA ROFER,19.57332055,-99.03838827
TLAPALERIA ROJAS,19.54025995,-99.03233153
TLAPALERIA ROJO,19.63994411,-98.99133634
TLAPALERIA ROLEYVA,19.50959301,-99.0767378
TLAPALERIA ROMERO,19.59027776,-99.04493127
TLAPALERIA RORIGUEZ,19.59735897,-99.01293898
TLAPALERIA ROSITA,19.71171958,-98.9693003
TLAPALERIA ROSSY,19.59449009,-99.04932818
TLAPALERIA ROXANA,19.55292545,-99.09183584
TLAPALERIA RUIZ,19.52519734,-99.03747126
TLAPALERIA SAGITARIO,19.55379258,-99.02021382
TLAPALERIA SAGITARIO 8,19.55162358,-99.01605195
TLAPALERIA SALINAS,19.59753758,-99.04169046
TLAPALERIA SALTILLO,19.54818536,-99.07946994
TLAPALERIA SAN AGUSTIN,19.5285194,-99.03974404
TLAPALERIA SAN ANTONIO,19.68951713,-98.97127634
TLAPALERIA SAN ANTONIO,19.56550321,-99.01908282
TLAPALERIA SAN ANTONIO,19.68221896,-98.98111186
TLAPALERIA SAN CARLOS,19.57859863,-99.04761186
TLAPALERIA SAN CARLOS,19.52747701,-99.04963069
TLAPALERIA SAN FRANCISCO,19.55299263,-99.08472774
TLAPALERIA SAN FRANCISCO,19.68492691,-98.98702864
TLAPALER페 SAN FRANCISCO,19.61702918,-99.07533349
TLAPALERIA SAN JOSE,19.53857013,-99.04826241
TLAPALERIA SAN JOSE,19.5697913,-99.05353224
TLAPALER페 SAN JOSE,19.51191628,-99.08008998
TLAPALERIA SAN JOSE,19.51168998,-99.07952958
TLAPALERIA SAN JOSE 3,19.53159412,-99.05065197
TLAPALERIA SAN JUAN,19.52047678,-99.0878322
TLAPALERIA SAN JUAN,19.59734499,-99.02370403
TLAPALERIA SAN JUAN,19.51474095,-99.04724232
TLAPALERIA SAN JUAN,19.60058358,-99.04535279
TLAPALERIA SAN JUAN,19.50880634,-99.06685518
TLAPALERIA SAN JUAN,19.62145976,-99.03383578
TLAPALERIA SAN JUDAS TADEO,19.56262086,-99.01617836
TLAPALERIA SAN JUDAS TADEO.,19.61443017,-99.06420094
TLAPALERIA SAN LUIS,19.53577966,-99.08626719
TLAPALERIA SAN MARCOS,19.52259253,-99.03734175
TLAPALERIA SAN MARTIN,19.55035965,-99.04018023
TLAPALERIA SAN MARTIN,19.68346385,-98.9675923
TLAPALERIA SAN MARTIN,19.68493496,-98.9700417
TLAPALERIA SAN MARTIN,19.54478992,-99.01970493
TLAPALERIA SAN MARTIN,19.52934187,-99.03684842
TLAPALERIA SAN MATEO,19.68189834,-98.96975796
TLAPALERIA SAN MIGUEL,19.49167347,-99.0173971
TLAPALERIA SAN MIGUEL,19.51036714,-99.08278111
TLAPALERIA SAN PABLO,19.6703088,-98.95813512
TLAPALERIA SAN PEDRO,19.53508424,-99.07879254
TLAPALERIA SAN PEDRO,19.49023991,-99.03089332
TLAPALERIA SAN RAFAEL,19.71050634,-98.97194134
TLAPALERIA SANCHEZ,19.57729673,-99.07033442
TLAPALERIA SANDY,19.50094458,-99.02765698
TLAPALERIA SANITARIOS TEPEYAC,19.51692767,-99.05460634
TLAPALERIA SANTA CRUZ,19.70036431,-98.94378971
TLAPALERIA SANTA CRUZ,19.56518995,-99.06140075
TLAPALERIA SANTA CRUZ,19.71040776,-98.96689566
TLAPALERIA SANTA CRUZ,19.5758647,-99.06416883
TLAPALERIA SANTA CRUZ,19.60929033,-98.99680371
TLAPALERIA SANTA MARIA,19.7650536,-98.96682774
TLAPALERIA SANTIAGO,19.56140632,-99.02344999
TLAPALERIA SAUL,19.56987465,-99.03952061
TLAPALERIA SAURED,19.62011943,-99.0531564
TLAPALERIA SELENE,19.69259616,-98.99930203
TLAPALERIA SERGIO,19.51938612,-99.01704419
TLAPALERIA SIETE LEONES,19.55232564,-99.03491255
TLAPALERIA SILVERIO,19.689554,-98.9782591
TLAPALERIA SILVIA,19.57262848,-99.07050162
TLAPALERIA SIM,19.62432879,-98.99771488
TLAPALERIA SIMON C,19.54872568,-99.04811832
TLAPALERIA SIN NOMBRE,19.74144098,-98.95075734
TLAPALERIA SIN NOMBRE,19.5610895,-99.06160538
TLAPALERIA SIN NOMBRE,19.60047759,-99.01016806
TLAPALERIA SIN NOMBRE,19.64044773,-98.99878149
TLAPALERIA SIN NOMBRE,19.60818768,-99.01370444
TLAPALERIA SIN NOMBRE,19.61676711,-99.01908982
TLAPALERIA SIN NOMBRE,19.5169778,-99.03303062
TLAPALERIA SIN NOMBRE,19.63633794,-99.01873234
TLAPALERIA SIN NOMBRE,19.76319673,-98.96265185
TLAPALERIA SIN NOMBRE,19.63279593,-99.02287763
TLAPALERIA SIN NOMBRE,19.5836208,-99.04407521
TLAPALERIA SIN NOMBRE,19.52869028,-99.0337712
TLAPALERIA SIN NOMBRE,19.58611998,-99.05264142
TLAPALERIA SIN NOMBRE,19.54974686,-99.07460363
TLAPALERIA SIN NOMBRE,19.58554727,-99.05059101
TLAPALERIA SIN NOMBRE,19.52696507,-99.05643548
TLAPALERIA SIN NOMBRE,19.5776854,-99.06739982
TLAPALERIA SIN NOMBRE,19.53829449,-99.04771806
TLAPALERIA SIN NOMBRE,19.54450387,-99.07656951
TLAPALERIA SIN NOMBRE,19.6247113,-99.00651063
TLAPALERIA SIN NOMBRE,19.53507296,-99.04235376
TLAPALER페 SIN NOMBRE,19.53588474,-99.04687432
TLAPALERIA SIN NOMBRE,19.61096458,-98.99084479
TLAPALERIA SIN NOMBRE,19.5618446,-99.08777726
TLAPALERIA SIN NOMBRE,19.60993968,-99.03679096
TLAPALERIA SIN NOMBRE,19.53800904,-99.0471433
TLAPALERIA SIN NOMBRE,19.63983179,-99.03752642
TLAPALERIA SIN NOMBRE,19.6354061,-99.03374281
TLAPALERIA SOLIS,19.55224505,-99.08090723
TLAPALERIA SOLIS,19.49479302,-99.02436667
TLAPALERIA SONORA,19.52470114,-99.04597703
TLAPALERIA SORIANO,19.54872794,-99.06624424
TLAPALERIA SOTO,19.52649917,-99.01897454
TLAPALERIA SUAREZ,19.69090526,-98.99820368
TLAPALERIA SUJEY,19.50877166,-99.04946356
TLAPALERIA SURTIDORA LA GRANDE,19.60079875,-99.05370341
TLAPALERIA TAURO,19.61519571,-99.00254854
TLAPALERIA TAURO,19.60067419,-99.04557429
TLAPALERIA TAURO,19.53108206,-99.04658921
TLAPALERIA TECAMAC,19.71276898,-98.97422207
TLAPALERIA TED,19.66519251,-99.0136334
TLAPALERIA TELLEZ,19.77131317,-98.98421256
TLAPALERIA TELLEZ,19.63986191,-98.98216913
TLAPALERIA TEXAS,19.59687049,-99.01963747
TLAPALERIA TIZOC,19.64249025,-98.99803545
TLAPALERIA TLAPA,19.63337551,-99.0173749
TLAPALERIA TLAPAMANGA,19.60912566,-98.98816325
TLAPALERIA TLAPAMEX,19.5149229,-99.07254171
TLAPALERIA TODO HOGAR,19.60874153,-99.00858087
TLAPALERIA TOKIO,19.50777967,-99.06064063
TLAPALERIA TOLOTZIN,19.56209152,-99.03021413
TLAPALERIA TONA,19.68157273,-99.04030655
TLAPALERIA TONITO,19.50367979,-99.02005982
TLAPALERIA TORNIMUNDO,19.52122186,-99.03671569
TLAPALERIA TORRES,19.50342548,-99.06217598
TLAPALERIA TORRES,19.63216707,-99.03485617
TLAPALERIA TORRES,19.63233133,-99.01441549
TLAPALERIA TORRES,19.71343161,-98.9755607
TLAPALERIA TORRES,19.55998815,-99.03515213
TLAPALERIA TREBOL,19.50837269,-99.04336675
TLAPALERIA TRES HERMANOS,19.56515484,-99.01831833
TLAPALERIA TRUMON,19.58632774,-99.01606657
TLAPALERIA UGALDE,19.63768752,-99.04189274
TLAPALERIA UNION,19.61069037,-99.0669618
TLAPALERIA VALDEZ,19.56854893,-99.04898654
TLAPALERIA VARGAS,19.6344107,-98.98475501
TLAPALERIA VAZQUEZ,19.51523633,-99.01820761
TLAPALERIA VAZQUEZ,19.61165054,-99.07302814
TLAPALERIA VAZQUEZ,19.69621751,-98.97621762
TLAPALERIA VEGA,19.49842437,-99.02145459
TLAPALERIA VEGA,19.57859863,-99.04761186
TLAPALERIA VELASCO,19.50161271,-99.04930525
TLAPALERIA VENUS,19.54265626,-99.05735102
TLAPALERIA VICKY,19.51966416,-99.02212168
TLAPALERIA VICKY,19.5355582,-99.03659943
TLAPALERIA VICKY,19.60282166,-99.02824732
TLAPALERIA VICTORIA,19.55867428,-99.06411329
TLAPALERIA VIKINGO,19.63335521,-99.02768318
TLAPALERIA -VILLAS,19.51678549,-99.06594739
TLAPALERIA VIRGO,19.49914412,-99.03718065
TLAPALERIA VISTA HERMOSA,19.67628186,-98.98608225
TLAPALERIA VIVA MEXICO,19.67989899,-99.02731012
TLAPALERIA WOODY,19.63869886,-98.98743576
TLAPALERIA Y ARTICULOS PARA PLOMERIA SIN NOMBRE,19.55251601,-99.07702298
TLAPALERIA Y CERRAJERIA OREB,19.62222683,-99.02475509
TLAPALERIA Y CRISTALERIA JIMY,19.53229727,-99.01955407
TLAPALERIA Y FERRETERIA,19.62320912,-99.03598689
TLAPALER페 Y FERRETER페,19.53775036,-99.02876953
TLAPALERIA Y FERRETERIA,19.51351757,-99.07365218
TLAPALERIA Y FERRETERIA,19.65631272,-99.0372644
TLAPALERIA Y FERRETERIA 4 HERMANOS,19.77382549,-98.9824057
TLAPALERIA Y FERRETERIA AJOLOAPAN,19.7638853,-98.97345978
TLAPALERIA Y FERRETERIA ALESA,19.49768899,-99.04766981
TLAPALERIA Y FERRETERIA ALKAVIAL,19.64375923,-99.06664996
TLAPALERIA Y FERRETERIA ARIAS,19.61286233,-99.05088447
TLAPALERIA Y FERRETERIA BETTY,19.53071717,-99.03911987
TLAPALERIA Y FERRETERIA CASA PITER,19.51245469,-99.04763654
TLAPALERIA Y FERRETERIA DEL TIGRE,19.54074755,-99.06631828
TLAPALERIA Y FERRETERIA DIEGO,19.50968147,-99.06430885
TLAPALERIA Y FERRETERIA EL CISNE,19.61806612,-99.01587031
TLAPALERIA Y FERRETERIA EL GALLO,19.59914908,-99.02663445
TLAPALERIA Y FERRETERIA EL UNIVERSO,19.57358784,-99.0404038
TLAPALERIA Y FERRETERIA FAISANES,19.60486303,-99.02586515
TLAPALERIA Y FERRETERIA FERRESOLIS,19.49894717,-99.0348775
TLAPALERIA Y FERRETERIA GOMEZ,19.50396646,-99.05037793
TLAPALERIA Y FERRETERIA GOMEZ HERMANOS,19.51646258,-99.04577091
TLAPALERIA Y FERRETERIA JR,19.77429489,-98.97318271
TLAPALERIA Y FERRETERIA LA EJIDAL,19.61284868,-99.0534628
TLAPALERIA Y FERRETERIA LA ESTRELLA,19.52324727,-99.03299748
TLAPALERIA Y FERRETERIA LA FAVORITA,19.54568135,-99.07255151
TLAPALERIA Y FERRETERIA LA IMPERIAL,19.51984724,-99.07960353
TLAPALERIA Y FERRETERIA LA LUZ,19.50818845,-99.07024389
TLAPALERIA Y FERRETERIA LA PROVIDENCIA,19.75916363,-98.96973574
TLAPALERIA Y FERRETERIA LOS PIRULES,19.62969292,-99.03361516
TLAPALERIA Y FERRETERIA MAGO,19.76703434,-98.952523
TLAPALERIA Y FERRETERIA MELINET SOLUCTI흁S,19.53738576,-99.03755674
TLAPALERIA Y FERRETERIA OMAR,19.55124502,-99.01511235
TLAPALERIA Y FERRETERIA PASO DE CORTES,19.63545855,-98.99213204
TLAPALERIA Y FERRETERIA PUENTE,19.69076769,-98.97380235
TLAPALERIA Y FERRETERIA SIN NOMBRE,19.63113786,-99.03096584
TLAPALERIA Y FERRETERIA TOMY,19.57232096,-99.07155323
TLAPALERIA Y FERRETERIA TRES HERMANOS,19.64488191,-98.98732492
TLAPALERIA Y FERRETERIA VEGA,19.64812075,-98.99787523
TLAPALERIA Y FERRETERIA XALOSTOC,19.51978748,-99.07725573
TLAPALERIA Y FERRETRIA  TUBOS Y CONEXIONES,19.5196862,-99.02878131
TLAPALERIA Y HERRERIA SIN NOMBRE,19.6446728,-99.00292127
TLAPALERIA Y INSTALACIONES,19.6344107,-98.98475501
TLAPALERIA Y JARCERIA ARIAS,19.68031417,-98.9792137
TLAPALER페 Y JARCER페 EDWIN,19.5104422,-99.08040232
TLAPALER페 Y JARCER페 EDWIN,19.51057465,-99.08073047
TLAPALERIA Y JARCIERIA,19.56592691,-99.06333989
TLAPALERIA Y JARCIERIA DEL VALLE,19.51455584,-99.05906789
TLAPALERIA Y JARCIERIA EL TREBOL,19.63265605,-99.07481451
TLAPALERIA Y JARCIERIA VALDEZ,19.50898815,-99.07665539
TLAPALERIA Y MATERIAL DE PLOMERIA,19.62444421,-99.02547328
TLAPALERIA Y MATERIAL PARA CONSTRUCCION SAN CARLOS,19.52310819,-99.04291722
TLAPALERIA Y MATERIALES  JARO ROBERT SA DE CV,19.54641752,-99.02552149
TLAPALERIA Y MATERIALES ALARCON,19.74881657,-98.94857475
TLAPALERIA Y MATERIALES AZCATEPEC,19.68485271,-98.97174539
TLAPALERIA Y MATERIALES CASA BLANCA,19.51317269,-99.07331576
TLAPALERIA Y MATERIALES DE CONSTRUCCION,19.62310102,-99.01996195
TLAPALERIA Y MATERIALES DE CONSTRUCCION NU헨Z,19.56810087,-99.09310416
TLAPALERIA Y MATERIALES DE CONSTRUCCION ROMERO,19.63596915,-99.00998336
TLAPALERIA Y MATERIALES DIEGO,19.56493432,-99.0514751
TLAPALERIA Y MATERIALES DON GABRIEL,19.51160856,-99.01672998
TLAPALERIA Y MATERIALES EL PUENTE,19.68757951,-98.97829617
TLAPALERIA Y MATERIALES EL SURTIDOR,19.6360275,-98.98223273
TLAPALERIA Y MATERIALES LA JOYA,19.61527382,-99.06970675
TLAPALERIA Y MATERIALES MARTELL,19.60397865,-99.06357716
TLAPALERIA Y MATERIALES MORA,19.68205598,-98.96721981
TLAPALERIA Y MATERIALES PARA CONSTRUCCI흁,19.51474095,-99.04724232
TLAPALERIA Y MATERIALES PARA CONSTRUCCION CASA VILLA,19.64185384,-98.98484633
TLAPALERIA Y MATERIALES PARA CONSTRUCCION CHINO,19.58245642,-99.06280309
TLAPALERIA Y MATERIALES PARA CONSTRUCCION EL CONSTRUCTOR,19.6304626,-98.99781232
TLAPALERIA Y MATERIALES PARA CONSTRUCCION EL GUERO,19.63471633,-99.06032751
TLAPALERIA Y MATERIALES PARA CONSTRUCCION EMMA,19.59343171,-98.99778091
TLAPALERIA Y MATERIALES PARA CONSTRUCCION HUGO,19.56921887,-99.03691193
TLAPALERIA Y MATERIALES PARA CONSTRUCCION MARTINEZ,19.61003039,-99.00127286
TLAPALERIA Y MATERIALES PARA CONSTRUCCION RUIZ,19.52035248,-99.03781999
TLAPALERIA Y MATERIALES PARA CONSTRUCCION VISTA HERMOSA,19.70783773,-98.96569006
TLAPALERIA Y MATERIALES PARA CONTRUCION SIN NOMBRE,19.5614988,-99.02046478
TLAPALERIA Y MATERIALES PARA LA CONSTRUCION LOPEZ,19.63868783,-99.06611591
TLAPALERIA Y PAPELERIA,19.56848544,-99.06147582
TLAPALERIA Y PAPELERIA LOS 4 HERMANOS,19.59938372,-99.00509222
TLAPALERIA Y PAPELERIA LOS ARCOS,19.55313934,-99.0928828
TLAPALERIA Y PAPELERIA VELETA,19.60736148,-99.01652693
TLAPALERIA Y PLOMERIA,19.53002976,-99.03646506
TLAPALERIA Y PLOMERIA ARIES,19.63093656,-99.07057015
TLAPALERIA Y PLOMERIA CAMBE L,19.66675074,-99.00321823
TLAPALERIA Y PLOMERIA FERROMEX,19.64067216,-99.01244813
TLAPALERIA Y PLOMERIA JBC,19.51348647,-99.05356533
TLAPALERIA Y PLOMERIA LUPITA,19.61151952,-98.99422508
TLAPALERIA Y PLOMERIA MORELOS,19.62030932,-99.07415027
TLAPALERIA Y PLOMERIA PADILLA,19.62148888,-99.00125351
TLAPALERIA Y PLOMERIA SAN JEROS,19.74818069,-98.95352346
TLAPALERIA Y PLOMERIA YESHUA,19.71094765,-98.97254825
TLAPALERIA Y TORNILLERIA,19.63106038,-99.02814154
TLAPALERIA Y VARIOS LA CONTINENTAL,19.53807423,-99.07750837
TLAPALERIA Y VENTA DE POLLO,19.54741803,-99.08660633
TLAPALERIA YAMILETH Y HERMANOS,19.75822273,-98.94805609
TLAPALERIA YARANDYS,19.62625087,-99.03782964
TLAPALERIA YARIANDY,19.61480943,-99.07204247
TLAPALERIA YARIS,19.62455679,-99.07080259
TLAPALERIA YAYO,19.61057392,-98.99653539
TLAPALERIA YAZMIN,19.61962841,-99.04985294
TLAPALERIA YIKOS,19.61375407,-99.07325698
TLAPALERIA YMATERIALES PARA LA CONSTRUCCION ALDO,19.59681078,-99.01944242
TLAPALERIA YOLANDA,19.50950531,-99.04429294
TLAPALER페 YONI,19.52381661,-99.02790697
TLAPALERIA ZACATECAS,19.54880482,-99.04158385
TLAPALERIA ZAPOTECAS,19.54110967,-99.02931721
TLAPALERIA ZARATE,19.66999858,-98.97341561
TLAPALERIA ZAURY,19.58832127,-99.00410929
"TLAPALER페, LA BARATA",19.63694249,-99.03394211
"TLAPALERIA, MANOLO",19.62426945,-99.00805422
TLAPALERIA.,19.61015628,-99.07217779
TLAPALERIAEL CANDADITO,19.52239514,-99.05706974
TLAPALERIAIMAN,19.53215608,-99.05199054
TLAPALERUA AGUILAR Y MERCERIA,19.53015908,-99.07219856
TLAPARERIA Y MATERIALES PARA CONSTRUCCION MARTINEZ,19.6357976,-99.0098866
TLAPELETRIA,19.54404576,-99.06731582
TLAPLAERIA SERRUCHO,19.57081354,-99.05720491
TLAPLALERIA,19.54453517,-99.03966831
TLAPLALERIA,19.58750726,-99.00069613
TLAPLALERIA CESAR,19.64919986,-99.04037538
TLAPLALERIA SANCHEZ,19.60542135,-98.99077067
TLAPLERIA Y MATERIALES JARO ROBERT SA DE CV,19.5462654,-99.02542922
TLPALERIA LA BROCHITA,19.50878823,-99.06022476
TODO DE PLOMERIA,19.54803792,-99.04864844
TODO EN LAMINAS Y DOMOS,19.49777883,-99.04320322
TODO PARA EL CARPINTERO,19.68531358,-98.99092333
TODO PARA EL CARPINTERO,19.52319789,-99.05672983
TODO PARA EL HERRERO FERRETERIA Y HERRAMIENTAS,19.60447701,-99.0150931
TODO PARA EL PLOMERO,19.54849723,-99.08008009
TODO PARA EL PLOMERO,19.52549707,-99.05648813
"TOOLS DEL ESTADO DE MEXICO, S.A. DE C.V.",19.60343975,-99.04460845
TORNICOM,19.66294236,-99.01014757
TORNILLERIA,19.69365975,-98.98383113
TORNILLERIA,19.60058358,-99.04535279
TORNILLERIA,19.68376298,-99.01679711
TORNILLERIA  XALOSTOC,19.54837358,-99.07357595
TORNILLERIA AGUILAR,19.49920658,-99.05119807
TORNILLERIA ANDRADE,19.55396643,-99.01872153
TORNILLERIA ARQUITAS,19.62500802,-99.04881978
TORNILLERIA BIRLOS Y RESORTES,19.5983561,-98.99360259
TORNILLERIA CADENA,19.51421155,-99.03594626
TORNILLERIA CHORI,19.54942024,-99.08189154
TORNILLERIA COMERCIAL RICSA,19.6335871,-99.00839102
TORNILLERIA COMERCIALIZADORA DITOR,19.5007495,-99.05591176
TORNILLERIA DEL VALLE,19.50399493,-99.05044968
TORNILLERIA DITORBI,19.60776272,-99.01080391
TORNILLERIA EDIFICIO VERDE,19.66468702,-99.00443085
TORNILLERIA HASAVA,19.51703628,-99.06445791
TORNILLERIA HERCULES,19.56041137,-99.04750784
TORNILLERIA HERNANDEZ,19.52834262,-99.05390778
TORNILLERIA LA GUERA,19.59408778,-99.00012573
TORNILLERIA LA TRINIDAD,19.6174021,-99.08140304
TORNILLERIA LAURA,19.61984508,-99.00218876
TORNILLERIA LOPEZ,19.75923085,-98.9693458
TORNILLERIA LOPEZ,19.76903125,-98.97325774
TORNILLERIA LOPEZ,19.64600785,-98.99892622
TORNILLERIA MARAVILLAS,19.51401773,-99.05173012
TORNILLERIA NEGRETE,19.59803535,-99.00789048
TORNILLERIA OJO DE AGUA,19.68175859,-99.04061293
TORNILLERIA RICSA,19.54842996,-99.04441755
TORNILLERIA SIN NOMBRE,19.51897883,-99.04361485
TORNILLERIA TOLEDO,19.61735604,-98.99703994
TORNILLERIA Y HERRAMIENTAS ZEPELING,19.63214232,-99.03737848
"TORNILLER페, LA BARATA",19.63693208,-99.0338312
TORNILLO ISLAS,19.59925254,-98.99825306
TORNILLOS,19.5022814,-99.03903549
TORNILLOS,19.54358226,-99.07463065
TORNILLOS,19.51800185,-99.06612395
TORNILLOS,19.52663454,-99.04750535
TORNILLOS,19.70998526,-98.97562645
TORNILLOS  SERVITORNILLO,19.69094169,-98.9964455
TORNILLOS ANUCA,19.61340505,-99.04766281
TORNILLOS APAA,19.49839218,-99.03342658
TORNILLOS AZTECA,19.53401813,-99.01904995
TORNILLOS DIMAR,19.67641832,-98.96703017
TORNILLOS DITORBI,19.60780703,-99.01147995
TORNILLOS EL JAGUAR,19.77226771,-98.97324262
TORNILLOS EL LEON,19.59952804,-99.02328057
TORNILLOS ESCORPION,19.63849348,-98.99536928
TORNILLOS FLORES,19.5055237,-99.0194228
TORNILLOS KEVIN DANAE,19.67514522,-99.00183981
TORNILLOS LA GLORIETA,19.53973923,-99.02017256
TORNILLOS MARANELLO,19.55462711,-99.02791575
TORNILLOS MARNAV,19.77343503,-98.97318453
TORNILLOS MENDOZA,19.49639941,-99.02922717
TORNILLOS MIL,19.53363888,-99.06777328
TORNILLOS SAN ISIDRO,19.61842693,-98.98822045
TORNILLOS SAN PEDRO,19.52876603,-99.07941963
TORNILLOS Y BIRLOS,19.50767929,-99.03855549
TORNILLOS Y BIRLOS SIN NOMBRE,19.60598723,-98.99107515
TORNILLOS Y CARDANES,19.55979764,-99.02684456
TORNILLOS Y GRAPAS AUTOMOTRICES,19.59922483,-99.00488078
TORNILLOS Y HERRAMIENTAS,19.61312276,-99.05081598
TORNILLOS Y HERRAMIENTAS BRAVO,19.50335776,-99.04830233
TORNILLOS Y HERRAMIENTAS GUMA,19.67992979,-98.99672647
TORNILLOS Y HERRAMIENTAS HERNANDEZ,19.60895462,-99.01444855
TORNILLOS Y HERRAMIENTAS JUMA,19.52512777,-99.05493387
TORNILLOS Y HERRAMIENTAS LA FORTALEZA,19.62131502,-99.00045274
TORNILLOS Y HERRAMIENTAS POLIGONOS,19.52450377,-99.02285334
TORNILLOS Y HERRAMIENTAS PROFECIONALES,19.53085672,-99.04918108
TORNILLOS Y HERRAMIENTAS SBE,19.5604782,-99.02259795
TORNILLOS Y HULES,19.67065839,-99.0038612
TORNILLOS Y MAQUINADOS LA CENTRAL,19.51430529,-99.03590524
TORNILLOS Y MAQUINADOS LA CENTRAL,19.53084913,-99.07333341
TORNILLOS Y RODAJAS,19.61340169,-99.04799722
TORNILLOS Y TUERCAS BOLT,19.54064091,-99.03443743
TORNIMUNDO,19.65718718,-99.0687712
TORNIMUNDO,19.56985434,-99.05338075
TORNIRIVER,19.66663575,-99.00421762
TORTILLERIA JHONY,19.63833879,-99.01116538
TRAPALERIA,19.55632734,-99.02175435
TRUPER,19.71328106,-98.97400792
TUBOS Y CONECCIONES LOS BORDOS,19.56119767,-99.0841043
TUBOS Y CONECCIONES SAN AGUSTIN,19.52777165,-99.03780947
TUBOS Y CONEXIONES,19.66427117,-99.00408449
TUBOS Y CONEXIONES EL PLOMITO,19.62795484,-99.06498509
TUBOS Y CONEXIONES FRANCO,19.50169253,-99.01544655
TUBOS Y CONEXIONES PLAYAS,19.60294934,-98.99634755
TUBOS Y CONEXIONES SANTA CLARA,19.54085522,-99.06638247
TUBULARES Y PLACAS,19.56775607,-99.04619198
TUCOPSA BODEGA DE TUBOS,19.54160491,-99.06878429
UN MUNDO DE TORNILLOS,19.64805813,-98.99808095
UNISOLAR,19.61758624,-99.06586466
VALCO INDUSTRIAL,19.60410097,-99.04586324
VENTA DE CALENTADORES SOLARES,19.62274305,-99.074075
VENTA DE HERRAMIENTAS HEBI,19.59726916,-98.99188096
VENTA DE HERRAMIENTAS SAN ISIDRO,19.61505202,-99.07957707
VENTA DE LLAVES DE AGUA,19.67402798,-99.02775598
VENTA DE MATERIAL EL텎TRICO,19.51022568,-99.0548215
VENTA DE MATERIAL PARA CONSTRUCCION,19.64723176,-98.99099311
VENTA DE MATERIAL PARA CONSTRUCCION,19.70774335,-98.97080314
VENTA DE MATERIALES PARA CONSTRUCCION,19.48682511,-99.02858363
VENTA DE MATERIALES PARA LA CONSTRUCCION REYES,19.56538169,-99.02876161
VENTA DE MATERIALES PARA PLOMERIA EL SURTIDOR,19.52877027,-99.04028802
VENTA DE PINTURA PINTA TOP SA DE CV SUCURSAL AZTECA,19.54376872,-99.02795576
VENTA DE TORNILLOS LA CASA DEL TORNILLO,19.63088801,-99.00210516
ZENITRAM,19.53144653,-99.07094675
